ply
format ascii 1.0
element vertex 5958
property float x
property float y
property float z
property uchar red
property uchar green
property uchar blue
end_header
0.0000 0.0000 3.0000 128 128 255
0.0000 0.0000 3.0000 128 128 255
0.0000 0.0000 3.0000 128 128 255
0.0000 0.0000 3.0000 128 128 255
0.0000 0.0000 3.0000 128 128 255
0.0000 0.0000 3.0000 128 128 255
0.0000 0.0000 3.0000 128 128 255
0.0000 0.0000 3.0000 128 128 255
0.0000 0.0000 3.0000 128 128 255
0.0000 0.0000 3.0000 128 128 255
0.0000 0.0000 3.0000 128 128 255
0.0000 0.0000 3.0000 128 128 255
0.0000 0.0000 3.0000 128 128 255
0.0000 0.0000 3.0000 128 128 255
0.0000 0.0000 3.0000 128 128 255
0.0000 0.0000 3.0000 128 128 255
0.0000 0.0000 3.0000 128 128 255
0.0000 0.0000 3.0000 128 128 255
0.0000 0.0000 3.0000 128 128 255
0.0000 0.0000 3.0000 128 128 255
0.0000 0.0000 3.0000 128 128 255
0.0000 0.0000 3.0000 128 128 255
0.0000 0.0000 3.0000 128 128 255
0.0000 0.0000 3.0000 128 128 255
0.0000 0.0000 3.0000 128 128 255
0.0000 0.0000 3.0000 128 128 255
0.0000 0.0000 3.0000 128 128 255
0.0000 0.0000 3.0000 128 128 255
0.0000 0.0000 3.0000 128 128 255
0.0000 0.0000 3.0000 128 128 255
0.0000 0.0000 3.0000 128 128 255
0.0000 0.0000 3.0000 128 128 255
0.0000 0.0000 3.0000 128 128 255
0.0000 0.0000 3.0000 128 128 255
0.0000 0.0000 3.0000 128 128 255
0.0000 0.0000 3.0000 128 128 255
0.0000 0.0000 3.0000 128 128 255
0.0000 0.0000 3.0000 128 128 255
0.0000 0.0000 3.0000 128 128 255
0.0000 0.0000 3.0000 128 128 255
0.0000 0.0000 3.0000 128 128 255
0.0000 0.0000 3.0000 128 128 255
0.0000 0.0000 3.0000 128 128 255
0.0000 0.0000 3.0000 128 128 255
0.0000 0.0000 3.0000 128 128 255
0.0000 0.0000 3.0000 128 128 255
0.0000 0.0000 3.0000 128 128 255
0.0000 0.0000 3.0000 128 128 255
0.0000 0.0000 3.0000 128 128 255
0.0000 0.0000 3.0000 128 128 255
0.0000 0.0000 3.0000 128 128 255
0.0000 0.0000 3.0000 128 128 255
0.0000 0.0000 3.0000 128 128 255
0.0000 0.0000 3.0000 128 128 255
0.0000 0.0000 3.0000 128 128 255
0.0000 0.0000 3.0000 128 128 255
0.0000 0.0000 3.0000 128 128 255
0.0000 0.0000 3.0000 128 128 255
0.0000 0.0000 3.0000 128 128 255
0.0000 0.0000 3.0000 128 128 255
0.0000 0.0000 3.0000 128 128 255
0.0000 0.0000 3.0000 128 128 255
0.0000 0.0000 3.0000 128 128 255
0.0000 0.0000 3.0000 128 128 255
0.0000 0.0000 3.0000 128 128 255
0.0000 0.0000 3.0000 128 128 255
0.0000 0.0000 3.0000 128 128 255
0.0000 0.0000 3.0000 128 128 255
0.0000 0.0000 3.0000 128 128 255
0.0000 0.0000 3.0000 128 128 255
0.0000 0.0000 3.0000 128 128 255
0.0000 0.0000 3.0000 128 128 255
0.0000 0.0000 3.0000 128 128 255
0.0000 0.0000 3.0000 128 128 255
0.0000 0.0000 3.0000 128 128 255
0.0000 0.0000 3.0000 128 128 255
0.0000 0.0000 3.0000 128 128 255
0.0000 0.0000 3.0000 128 128 255
0.0000 0.0000 3.0000 128 128 255
0.2397 0.0000 2.9904 138 128 254
0.2390 0.0192 2.9904 138 128 254
0.2367 0.0382 2.9904 138 129 254
0.2329 0.0570 2.9904 137 130 254
0.2276 0.0754 2.9904 137 131 254
0.2208 0.0934 2.9904 137 131 254
0.2127 0.1107 2.9904 137 132 254
0.2031 0.1273 2.9904 136 133 254
0.1923 0.1432 2.9904 136 134 254
0.1802 0.1581 2.9904 135 134 254
0.1670 0.1720 2.9904 135 135 254
0.1528 0.1848 2.9904 134 135 254
0.1375 0.1964 2.9904 133 136 254
0.1214 0.2068 2.9904 133 136 254
0.1045 0.2158 2.9904 132 137 254
0.0869 0.2235 2.9904 131 137 254
0.0687 0.2297 2.9904 130 137 254
0.0502 0.2344 2.9904 130 137 254
0.0313 0.2377 2.9904 129 138 254
0.0122 0.2394 2.9904 128 138 254
-0.0070 0.2396 2.9904 127 138 254
-0.0261 0.2383 2.9904 126 138 254
-0.0451 0.2355 2.9904 126 137 254
-0.0638 0.2311 2.9904 125 137 254
-0.0820 0.2253 2.9904 124 137 254
-0.0998 0.2180 2.9904 123 137 254
-0.1169 0.2093 2.9904 123 136 254
-0.1332 0.1993 2.9904 122 136 254
-0.1487 0.1880 2.9904 121 135 254
-0.1633 0.1755 2.9904 121 135 254
-0.1768 0.1619 2.9904 120 134 254
-0.1892 0.1473 2.9904 119 134 254
-0.2003 0.1317 2.9904 119 133 254
-0.2102 0.1153 2.9904 119 132 254
-0.2188 0.0981 2.9904 118 132 254
-0.2259 0.0803 2.9904 118 131 254
-0.2316 0.0620 2.9904 118 130 254
-0.2358 0.0433 2.9904 118 129 254
-0.2385 0.0243 2.9904 117 129 254
-0.2397 0.0052 2.9904 117 128 254
-0.2393 -0.0140 2.9904 117 127 254
-0.2375 -0.0331 2.9904 117 126 254
-0.2340 -0.0519 2.9904 118 125 254
-0.2291 -0.0705 2.9904 118 125 254
-0.2228 -0.0886 2.9904 118 124 254
-0.2150 -0.1061 2.9904 118 123 254
-0.2058 -0.1229 2.9904 119 122 254
-0.1953 -0.1390 2.9904 119 122 254
-0.1836 -0.1542 2.9904 120 121 254
-0.1707 -0.1683 2.9904 120 120 254
-0.1567 -0.1814 2.9904 121 120 254
-0.1417 -0.1934 2.9904 122 119 254
-0.1258 -0.2041 2.9904 122 119 254
-0.1091 -0.2135 2.9904 123 118 254
-0.0917 -0.2215 2.9904 124 118 254
-0.0737 -0.2281 2.9904 124 118 254
-0.0552 -0.2333 2.9904 125 118 254
-0.0364 -0.2370 2.9904 126 117 254
-0.0173 -0.2391 2.9904 127 117 254
0.0018 -0.2397 2.9904 128 117 254
0.0210 -0.2388 2.9904 128 117 254
0.0400 -0.2364 2.9904 129 117 254
0.0588 -0.2324 2.9904 130 118 254
0.0771 -0.2270 2.9904 131 118 254
0.0950 -0.2201 2.9904 132 118 254
0.1123 -0.2118 2.9904 132 119 254
0.1289 -0.2021 2.9904 133 119 254
0.1446 -0.1912 2.9904 134 119 254
0.1595 -0.1790 2.9904 134 120 254
0.1732 -0.1657 2.9904 135 120 254
0.1859 -0.1513 2.9904 135 121 254
0.1974 -0.1360 2.9904 136 122 254
0.2077 -0.1198 2.9904 136 122 254
0.2166 -0.1028 2.9904 137 123 254
0.2241 -0.0852 2.9904 137 124 254
0.2302 -0.0670 2.9904 137 125 254
0.2348 -0.0484 2.9904 137 125 254
0.2379 -0.0295 2.9904 138 126 254
0.2395 -0.0104 2.9904 138 127 254
0.4780 0.0000 2.9617 148 128 253
0.4764 0.0382 2.9617 148 129 253
0.4718 0.0761 2.9617 147 131 253
0.4643 0.1136 2.9617 147 132 253
0.4537 0.1503 2.9617 147 134 253
0.4402 0.1861 2.9617 146 135 253
0.4239 0.2207 2.9617 145 137 253
0.4049 0.2539 2.9617 145 138 253
0.3834 0.2854 2.9617 144 140 253
0.3593 0.3152 2.9617 143 141 253
0.3330 0.3429 2.9617 142 142 253
0.3045 0.3684 2.9617 140 143 253
0.2741 0.3915 2.9617 139 144 253
0.2420 0.4122 2.9617 138 145 253
0.2082 0.4302 2.9617 136 146 253
0.1732 0.4455 2.9617 135 146 253
0.1370 0.4579 2.9617 133 147 253
0.1000 0.4674 2.9617 132 147 253
0.0623 0.4739 2.9617 130 148 253
0.0243 0.4773 2.9617 129 148 253
-0.0140 0.4778 2.9617 127 148 253
-0.0521 0.4751 2.9617 125 148 253
-0.0899 0.4694 2.9617 124 147 253
-0.1271 0.4607 2.9617 122 147 253
-0.1635 0.4491 2.9617 121 147 253
-0.1989 0.4346 2.9617 119 146 253
-0.2330 0.4173 2.9617 118 145 253
-0.2656 0.3974 2.9617 116 144 253
-0.2965 0.3749 2.9617 115 143 253
-0.3255 0.3500 2.9617 114 142 253
-0.3524 0.3228 2.9617 113 141 253
-0.3771 0.2936 2.9617 112 140 253
-0.3994 0.2626 2.9617 111 139 253
-0.4191 0.2298 2.9617 110 137 253
-0.4361 0.1956 2.9617 109 136 253
-0.4503 0.1601 2.9617 108 134 253
-0.4617 0.1236 2.9617 108 133 253
-0.4701 0.0863 2.9617 108 131 253
-0.4755 0.0485 2.9617 107 130 253
-0.4778 0.0103 2.9617 107 128 253
-0.4771 -0.0279 2.9617 107 126 253
-0.4734 -0.0659 2.9617 107 125 253
-0.4666 -0.1036 2.9617 108 123 253
-0.4568 -0.1405 2.9617 108 122 253
-0.4441 -0.1766 2.9617 109 120 253
-0.4286 -0.2115 2.9617 109 119 253
-0.4103 -0.2451 2.9617 110 117 253
-0.3894 -0.2771 2.9617 111 116 253
-0.3660 -0.3073 2.9617 112 114 253
-0.3403 -0.3356 2.9617 113 113 253
-0.3124 -0.3617 2.9617 114 112 253
-0.2825 -0.3855 2.9617 116 111 253
-0.2508 -0.4069 2.9617 117 110 253
-0.2175 -0.4256 2.9617 118 109 253
-0.1828 -0.4416 2.9617 120 109 253
-0.1469 -0.4548 2.9617 121 108 253
-0.1101 -0.4651 2.9617 123 108 253
-0.0726 -0.4724 2.9617 124 108 253
-0.0346 -0.4767 2.9617 126 107 253
0.0036 -0.4779 2.9617 128 107 253
0.0418 -0.4761 2.9617 129 107 253
0.0797 -0.4713 2.9617 131 108 253
0.1171 -0.4634 2.9617 132 108 253
0.1538 -0.4525 2.9617 134 108 253
0.1895 -0.4388 2.9617 136 109 253
0.2239 -0.4223 2.9617 137 110 253
0.2570 -0.4030 2.9617 138 110 253
0.2883 -0.3812 2.9617 140 111 253
0.3179 -0.3569 2.9617 141 112 253
0.3454 -0.3304 2.9617 142 114 253
0.3707 -0.3017 2.9617 143 115 253
0.3936 -0.2711 2.9617 144 116 253
0.4140 -0.2388 2.9617 145 117 253
0.4318 -0.2050 2.9617 146 119 253
0.4468 -0.1698 2.9617 146 120 253
0.4589 -0.1335 2.9617 147 122 253
0.4681 -0.0964 2.9617 147 123 253
0.4743 -0.0587 2.9617 148 125 253
0.4775 -0.0206 2.9617 148 127 253
0.7131 0.0000 2.9140 158 128 251
0.7108 0.0570 2.9140 158 130 251
0.7040 0.1136 2.9140 157 132 251
0.6927 0.1695 2.9140 157 135 251
0.6769 0.2243 2.9140 156 137 251
0.6568 0.2777 2.9140 155 139 251
0.6325 0.3293 2.9140 154 141 251
0.6042 0.3788 2.9140 153 144 251
0.5720 0.4259 2.9140 152 146 251
0.5361 0.4702 2.9140 150 147 251
0.4968 0.5116 2.9140 149 149 251
0.4544 0.5496 2.9140 147 151 251
0.4090 0.5842 2.9140 145 152 251
0.3610 0.6150 2.9140 143 154 251
0.3107 0.6419 2.9140 141 155 251
0.2584 0.6646 2.9140 138 156 251
0.2045 0.6832 2.9140 136 156 251
0.1492 0.6973 2.9140 134 157 251
0.0930 0.7070 2.9140 131 157 251
0.0362 0.7122 2.9140 129 158 251
-0.0208 0.7128 2.9140 127 158 251
-0.0777 0.7089 2.9140 124 158 251
-0.1341 0.7004 2.9140 122 157 251
-0.1897 0.6874 2.9140 119 157 251
-0.2440 0.6701 2.9140 117 156 251
-0.2968 0.6484 2.9140 115 155 251
-0.3476 0.6226 2.9140 113 154 251
-0.3963 0.5929 2.9140 111 153 251
-0.4424 0.5593 2.9140 109 151 251
-0.4857 0.5222 2.9140 107 150 251
-0.5258 0.4817 2.9140 105 148 251
-0.5627 0.4381 2.9140 104 146 251
-0.5959 0.3917 2.9140 102 144 251
-0.6253 0.3429 2.9140 101 142 251
-0.6507 0.2918 2.9140 100 140 251
-0.6719 0.2389 2.9140 99 138 251
-0.6888 0.1844 2.9140 98 135 251
-0.7014 0.1288 2.9140 98 133 251
-0.7094 0.0723 2.9140 97 131 251
-0.7129 0.0154 2.9140 97 128 251
-0.7119 -0.0416 2.9140 97 126 251
-0.7063 -0.0984 2.9140 98 123 251
-0.6962 -0.1545 2.9140 98 121 251
-0.6816 -0.2097 2.9140 99 119 251
-0.6627 -0.2635 2.9140 99 116 251
-0.6395 -0.3156 2.9140 100 114 251
-0.6122 -0.3657 2.9140 102 112 251
-0.5810 -0.4134 2.9140 103 110 251
-0.5461 -0.4585 2.9140 104 108 251
-0.5078 -0.5007 2.9140 106 106 251
-0.4661 -0.5397 2.9140 108 105 251
-0.4215 -0.5752 2.9140 110 103 251
-0.3742 -0.6070 2.9140 112 102 251
-0.3245 -0.6350 2.9140 114 101 251
-0.2727 -0.6589 2.9140 116 100 251
-0.2192 -0.6786 2.9140 118 99 251
-0.1642 -0.6939 2.9140 121 98 251
-0.1082 -0.7048 2.9140 123 98 251
-0.0516 -0.7112 2.9140 125 97 251
0.0054 -0.7131 2.9140 128 97 251
0.0624 -0.7104 2.9140 130 97 251
0.1190 -0.7031 2.9140 133 98 251
0.1748 -0.6914 2.9140 135 98 251
0.2295 -0.6752 2.9140 137 99 251
0.2827 -0.6547 2.9140 139 100 251
0.3341 -0.6300 2.9140 142 101 251
0.3834 -0.6013 2.9140 144 102 251
0.4302 -0.5687 2.9140 146 103 251
0.4743 -0.5325 2.9140 148 105 251
0.5153 -0.4929 2.9140 149 107 251
0.5531 -0.4502 2.9140 151 108 251
0.5873 -0.4045 2.9140 152 110 251
0.6177 -0.3563 2.9140 154 112 251
0.6442 -0.3058 2.9140 155 115 251
0.6666 -0.2533 2.9140 156 117 251
0.6847 -0.1993 2.9140 156 119 251
0.6984 -0.1439 2.9140 157 121 251
0.7077 -0.0876 2.9140 157 124 251
0.7124 -0.0308 2.9140 158 126 251
0.9437 0.0000 2.8477 167 128 248
0.9407 0.0754 2.8477 167 131 248
0.9316 0.1503 2.8477 167 134 248
0.9167 0.2243 2.8477 166 137 248
0.8958 0.2969 2.8477 165 140 248
0.8692 0.3675 2.8477 164 143 248
0.8371 0.4358 2.8477 163 146 248
0.7996 0.5013 2.8477 161 149 248
0.7569 0.5636 2.8477 160 151 248
0.7095 0.6223 2.8477 158 154 248
0.6575 0.6770 2.8477 155 156 248
0.6013 0.7273 2.8477 153 158 248
0.5412 0.7731 2.8477 150 160 248
0.4777 0.8139 2.8477 148 162 248
0.4112 0.8494 2.8477 145 163 248
0.3420 0.8796 2.8477 142 165 248
0.2706 0.9041 2.8477 139 166 248
0.1975 0.9228 2.8477 136 167 248
0.1231 0.9356 2.8477 133 167 248
0.0479 0.9425 2.8477 130 167 248
-0.0276 0.9433 2.8477 126 167 248
-0.1029 0.9381 2.8477 123 167 248
-0.1775 0.9269 2.8477 120 167 248
-0.2510 0.9097 2.8477 117 166 248
-0.3229 0.8867 2.8477 114 165 248
-0.3927 0.8581 2.8477 111 164 248
-0.4600 0.8240 2.8477 108 162 248
-0.5244 0.7846 2.8477 105 161 248
-0.5854 0.7402 2.8477 103 159 248
-0.6427 0.6910 2.8477 100 157 248
-0.6959 0.6374 2.8477 98 154 248
-0.7446 0.5798 2.8477 96 152 248
-0.7885 0.5184 2.8477 94 149 248
-0.8275 0.4538 2.8477 92 147 248
-0.8611 0.3862 2.8477 91 144 248
-0.8892 0.3161 2.8477 90 141 248
-0.9116 0.2441 2.8477 89 138 248
-0.9282 0.1704 2.8477 88 135 248
-0.9388 0.0957 2.8477 88 132 248
-0.9435 0.0204 2.8477 88 128 248
-0.9421 -0.0551 2.8477 88 125 248
-0.9347 -0.1302 2.8477 88 122 248
-0.9213 -0.2045 2.8477 88 119 248
-0.9020 -0.2774 2.8477 89 116 248
-0.8769 -0.3486 2.8477 90 113 248
-0.8463 -0.4176 2.8477 92 110 248
-0.8102 -0.4839 2.8477 93 107 248
-0.7689 -0.5471 2.8477 95 104 248
-0.7227 -0.6068 2.8477 97 102 248
-0.6719 -0.6626 2.8477 99 99 248
-0.6168 -0.7142 2.8477 101 97 248
-0.5578 -0.7612 2.8477 104 95 248
-0.4952 -0.8033 2.8477 107 93 248
-0.4294 -0.8403 2.8477 109 92 248
-0.3609 -0.8720 2.8477 112 91 248
-0.2900 -0.8980 2.8477 115 89 248
-0.2173 -0.9183 2.8477 118 89 248
-0.1433 -0.9328 2.8477 121 88 248
-0.0683 -0.9412 2.8477 125 88 248
0.0072 -0.9437 2.8477 128 88 248
0.0826 -0.9401 2.8477 131 88 248
0.1574 -0.9305 2.8477 134 88 248
0.2313 -0.9149 2.8477 137 89 248
0.3037 -0.8935 2.8477 140 90 248
0.3741 -0.8664 2.8477 143 91 248
0.4421 -0.8337 2.8477 146 92 248
0.5074 -0.7957 2.8477 149 94 248
0.5693 -0.7526 2.8477 152 96 248
0.6276 -0.7047 2.8477 154 98 248
0.6820 -0.6523 2.8477 156 100 248
0.7319 -0.5957 2.8477 158 102 248
0.7772 -0.5353 2.8477 160 105 248
0.8175 -0.4715 2.8477 162 108 248
0.8525 -0.4047 2.8477 164 110 248
0.8821 -0.3353 2.8477 165 113 248
0.9061 -0.2637 2.8477 166 116 248
0.9243 -0.1904 2.8477 167 119 248
0.9365 -0.1160 2.8477 167 123 248
0.9428 -0.0407 2.8477 167 126 248
1.1683 0.0000 2.7632 177 128 244
1.1645 0.0934 2.7632 177 131 244
1.1533 0.1861 2.7632 176 135 244
1.1348 0.2777 2.7632 176 139 244
1.1089 0.3675 2.7632 174 143 244
1.0760 0.4549 2.7632 173 147 244
1.0362 0.5395 2.7632 171 150 244
0.9898 0.6206 2.7632 169 154 244
0.9371 0.6977 2.7632 167 157 244
0.8783 0.7703 2.7632 165 160 244
0.8139 0.8381 2.7632 162 163 244
0.7444 0.9004 2.7632 159 166 244
0.6700 0.9570 2.7632 156 168 244
0.5914 1.0075 2.7632 153 170 244
0.5090 1.0515 2.7632 149 172 244
0.4233 1.0889 2.7632 145 174 244
0.3350 1.1192 2.7632 142 175 244
0.2444 1.1424 2.7632 138 176 244
0.1524 1.1583 2.7632 134 177 244
0.0593 1.1667 2.7632 130 177 244
-0.0341 1.1678 2.7632 126 177 244
-0.1273 1.1613 2.7632 122 177 244
-0.2197 1.1474 2.7632 118 176 244
-0.3107 1.1262 2.7632 114 175 244
-0.3997 1.0977 2.7632 111 174 244
-0.4862 1.0623 2.7632 107 172 244
-0.5695 1.0200 2.7632 103 171 244
-0.6492 0.9713 2.7632 100 169 244
-0.7247 0.9163 2.7632 97 166 244
-0.7956 0.8554 2.7632 94 164 244
-0.8615 0.7891 2.7632 91 161 244
-0.9218 0.7177 2.7632 88 158 244
-0.9762 0.6418 2.7632 86 155 244
-1.0243 0.5617 2.7632 84 151 244
-1.0660 0.4781 2.7632 82 148 244
-1.1008 0.3914 2.7632 81 144 244
-1.1285 0.3021 2.7632 80 140 244
-1.1490 0.2110 2.7632 79 136 244
-1.1622 0.1185 2.7632 78 133 244
-1.1680 0.0252 2.7632 78 129 244
-1.1663 -0.0682 2.7632 78 125 244
-1.1571 -0.1612 2.7632 79 121 244
-1.1405 -0.2531 2.7632 79 117 244
-1.1166 -0.3435 2.7632 80 113 244
-1.0856 -0.4316 2.7632 82 109 244
-1.0476 -0.5170 2.7632 83 106 244
-1.0030 -0.5990 2.7632 85 102 244
-0.9519 -0.6773 2.7632 87 99 244
-0.8947 -0.7512 2.7632 90 96 244
-0.8318 -0.8203 2.7632 92 93 244
-0.7636 -0.8841 2.7632 95 90 244
-0.6905 -0.9423 2.7632 98 88 244
-0.6130 -0.9945 2.7632 102 85 244
-0.5316 -1.0403 2.7632 105 83 244
-0.4467 -1.0795 2.7632 109 82 244
-0.3590 -1.1117 2.7632 112 80 244
-0.2691 -1.1369 2.7632 116 79 244
-0.1773 -1.1547 2.7632 120 79 244
-0.0845 -1.1652 2.7632 124 78 244
0.0089 -1.1682 2.7632 128 78 244
0.1022 -1.1638 2.7632 132 78 244
0.1949 -1.1519 2.7632 136 79 244
0.2863 -1.1326 2.7632 140 80 244
0.3759 -1.1061 2.7632 143 81 244
0.4631 -1.0725 2.7632 147 82 244
0.5473 -1.0321 2.7632 151 84 244
0.6281 -0.9851 2.7632 154 86 244
0.7048 -0.9317 2.7632 157 88 244
0.7770 -0.8724 2.7632 160 91 244
0.8442 -0.8075 2.7632 163 93 244
0.9061 -0.7375 2.7632 166 96 244
0.9621 -0.6627 2.7632 168 99 244
1.0120 -0.5837 2.7632 170 103 244
1.0554 -0.5010 2.7632 172 106 244
1.0920 -0.4150 2.7632 174 110 244
1.1217 -0.3264 2.7632 175 114 244
1.1442 -0.2357 2.7632 176 118 244
1.1594 -0.1435 2.7632 177 121 244
1.1672 -0.0504 2.7632 177 125 244
1.3853 0.0000 2.6610 186 128 240
1.3809 0.1107 2.6610 186 132 240
1.3676 0.2207 2.6610 185 137 240
1.3456 0.3293 2.6610 184 141 240
1.3150 0.4358 2.6610 183 146 240
1.2760 0.5395 2.6610 182 150 240
1.2288 0.6397 2.6610 180 155 240
1.1737 0.7359 2.6610 177 159 240
1.1112 0.8273 2.6610 175 163 240
1.0415 0.9135 2.6610 172 166 240
0.9652 0.9938 2.6610 168 170 240
0.8827 1.0677 2.6610 165 173 240
0.7945 1.1349 2.6610 161 176 240
0.7013 1.1947 2.6610 157 178 240
0.6036 1.2469 2.6610 153 180 240
0.5020 1.2912 2.6610 149 182 240
0.3972 1.3272 2.6610 144 184 240
0.2899 1.3547 2.6610 140 185 240
0.1807 1.3735 2.6610 135 186 240
0.0703 1.3836 2.6610 130 186 240
-0.0405 1.3847 2.6610 126 186 240
-0.1510 1.3771 2.6610 121 186 240
-0.2605 1.3606 2.6610 116 185 240
-0.3684 1.3354 2.6610 112 184 240
-0.4740 1.3017 2.6610 107 183 240
-0.5765 1.2597 2.6610 103 181 240
-0.6753 1.2096 2.6610 99 179 240
-0.7698 1.1517 2.6610 95 176 240
-0.8594 1.0865 2.6610 91 173 240
-0.9435 1.0144 2.6610 88 170 240
-1.0215 0.9357 2.6610 84 167 240
-1.0931 0.8511 2.6610 81 164 240
-1.1576 0.7610 2.6610 78 160 240
-1.2147 0.6661 2.6610 76 156 240
-1.2640 0.5669 2.6610 74 151 240
-1.3053 0.4641 2.6610 72 147 240
-1.3382 0.3583 2.6610 71 143 240
-1.3626 0.2502 2.6610 70 138 240
-1.3782 0.1405 2.6610 69 133 240
-1.3850 0.0299 2.6610 69 129 240
-1.3830 -0.0809 2.6610 69 124 240
-1.3721 -0.1911 2.6610 69 119 240
-1.3524 -0.3002 2.6610 70 115 240
-1.3241 -0.4073 2.6610 71 110 240
-1.2873 -0.5118 2.6610 73 106 240
-1.2423 -0.6130 2.6610 75 102 240
-1.1893 -0.7104 2.6610 77 97 240
-1.1288 -0.8031 2.6610 80 94 240
-1.0610 -0.8908 2.6610 83 90 240
-0.9864 -0.9727 2.6610 86 86 240
-0.9055 -1.0484 2.6610 89 83 240
-0.8188 -1.1174 2.6610 93 80 240
-0.7269 -1.1793 2.6610 97 78 240
-0.6303 -1.2336 2.6610 101 75 240
-0.5297 -1.2800 2.6610 105 73 240
-0.4258 -1.3183 2.6610 109 72 240
-0.3190 -1.3481 2.6610 114 70 240
-0.2103 -1.3693 2.6610 119 70 240
-0.1002 -1.3817 2.6610 123 69 240
0.0105 -1.3853 2.6610 128 69 240
0.1212 -1.3800 2.6610 133 69 240
0.2311 -1.3659 2.6610 137 70 240
0.3395 -1.3431 2.6610 142 71 240
0.4458 -1.3117 2.6610 146 72 240
0.5492 -1.2718 2.6610 151 74 240
0.6491 -1.2239 2.6610 155 76 240
0.7448 -1.1681 2.6610 159 78 240
0.8358 -1.1048 2.6610 163 81 240
0.9214 -1.0345 2.6610 167 84 240
1.0011 -0.9576 2.6610 170 87 240
1.0744 -0.8745 2.6610 173 90 240
1.1409 -0.7859 2.6610 176 94 240
1.2000 -0.6922 2.6610 178 98 240
1.2515 -0.5941 2.6610 180 102 240
1.2950 -0.4921 2.6610 182 107 240
1.3302 -0.3871 2.6610 184 111 240
1.3568 -0.2795 2.6610 185 116 240
1.3748 -0.1702 2.6610 186 120 240
1.3840 -0.0598 2.6610 186 125 240
1.5936 0.0000 2.5418 195 128 235
1.5885 0.1273 2.5418 195 133 235
1.5732 0.2539 2.5418 194 138 235
1.5479 0.3788 2.5418 193 144 235
1.5127 0.5013 2.5418 192 149 235
1.4678 0.6206 2.5418 190 154 235
1.4135 0.7359 2.5418 187 159 235
1.3502 0.8465 2.5418 185 163 235
1.2782 0.9517 2.5418 182 168 235
1.1980 1.0508 2.5418 178 172 235
1.1102 1.1431 2.5418 175 176 235
1.0153 1.2282 2.5418 170 179 235
0.9139 1.3054 2.5418 166 183 235
0.8067 1.3743 2.5418 162 186 235
0.6943 1.4344 2.5418 157 188 235
0.5774 1.4853 2.5418 152 190 235
0.4569 1.5267 2.5418 147 192 235
0.3334 1.5583 2.5418 142 193 235
0.2078 1.5799 2.5418 136 194 235
0.0809 1.5915 2.5418 131 195 235
-0.0465 1.5929 2.5418 126 195 235
-0.1737 1.5841 2.5418 120 195 235
-0.2997 1.5651 2.5418 115 194 235
-0.4238 1.5362 2.5418 110 193 235
-0.5452 1.4974 2.5418 104 191 235
-0.6632 1.4490 2.5418 99 189 235
-0.7768 1.3914 2.5418 95 186 235
-0.8855 1.3249 2.5418 90 184 235
-0.9886 1.2499 2.5418 86 180 235
-1.0853 1.1669 2.5418 82 177 235
-1.1751 1.0764 2.5418 78 173 235
-1.2573 0.9790 2.5418 74 169 235
-1.3316 0.8754 2.5418 71 165 235
-1.3973 0.7662 2.5418 68 160 235
-1.4540 0.6521 2.5418 66 155 235
-1.5015 0.5338 2.5418 64 150 235
-1.5393 0.4121 2.5418 62 145 235
-1.5674 0.2878 2.5418 61 140 235
-1.5853 0.1616 2.5418 60 134 235
-1.5932 0.0344 2.5418 60 129 235
-1.5908 -0.0930 2.5418 60 124 235
-1.5783 -0.2199 2.5418 61 118 235
-1.5557 -0.3453 2.5418 62 113 235
-1.5231 -0.4685 2.5418 63 108 235
-1.4808 -0.5887 2.5418 65 103 235
-1.4290 -0.7052 2.5418 67 98 235
-1.3681 -0.8171 2.5418 70 93 235
-1.2984 -0.9238 2.5418 73 88 235
-1.2205 -1.0247 2.5418 76 84 235
-1.1347 -1.1189 2.5418 79 80 235
-1.0416 -1.2060 2.5418 83 76 235
-0.9419 -1.2854 2.5418 88 73 235
-0.8362 -1.3566 2.5418 92 70 235
-0.7251 -1.4190 2.5418 97 67 235
-0.6094 -1.4724 2.5418 102 65 235
-0.4898 -1.5164 2.5418 107 63 235
-0.3670 -1.5507 2.5418 112 62 235
-0.2419 -1.5751 2.5418 117 61 235
-0.1153 -1.5894 2.5418 123 60 235
0.0121 -1.5935 2.5418 128 60 235
0.1394 -1.5874 2.5418 133 60 235
0.2658 -1.5712 2.5418 139 61 235
0.3906 -1.5450 2.5418 144 62 235
0.5128 -1.5088 2.5418 149 64 235
0.6317 -1.4630 2.5418 154 66 235
0.7466 -1.4078 2.5418 159 68 235
0.8567 -1.3437 2.5418 164 71 235
0.9614 -1.2709 2.5418 168 74 235
1.0599 -1.1900 2.5418 172 77 235
1.1516 -1.1015 2.5418 176 81 235
1.2359 -1.0060 2.5418 180 85 235
1.3123 -0.9040 2.5418 183 89 235
1.3804 -0.7962 2.5418 186 94 235
1.4396 -0.6833 2.5418 188 99 235
1.4896 -0.5661 2.5418 191 104 235
1.5301 -0.4453 2.5418 192 109 235
1.5608 -0.3216 2.5418 194 114 235
1.5815 -0.1958 2.5418 194 119 235
1.5921 -0.0688 2.5418 195 125 235
1.7916 0.0000 2.4063 203 128 229
1.7859 0.1432 2.4063 203 134 229
1.7687 0.2854 2.4063 202 140 229
1.7402 0.4259 2.4063 201 146 229
1.7006 0.5636 2.4063 199 151 229
1.6502 0.6977 2.4063 197 157 229
1.5891 0.8273 2.4063 195 163 229
1.5179 0.9517 2.4063 192 168 229
1.4370 1.0699 2.4063 188 173 229
1.3469 1.1813 2.4063 185 178 229
1.2482 1.2852 2.4063 180 182 229
1.1415 1.3808 2.4063 176 186 229
1.0275 1.4677 2.4063 171 190 229
0.9069 1.5451 2.4063 166 193 229
0.7806 1.6126 2.4063 161 196 229
0.6492 1.6698 2.4063 155 198 229
0.5137 1.7164 2.4063 149 200 229
0.3749 1.7519 2.4063 143 202 229
0.2337 1.7763 2.4063 137 203 229
0.0910 1.7893 2.4063 131 203 229
-0.0523 1.7908 2.4063 125 203 229
-0.1953 1.7809 2.4063 119 203 229
-0.3370 1.7596 2.4063 113 202 229
-0.4765 1.7271 2.4063 107 201 229
-0.6130 1.6835 2.4063 102 199 229
-0.7456 1.6291 2.4063 96 196 229
-0.8734 1.5643 2.4063 91 194 229
-0.9956 1.4895 2.4063 85 191 229
-1.1114 1.4052 2.4063 80 187 229
-1.2202 1.3119 2.4063 76 183 229
-1.3211 1.2102 2.4063 72 179 229
-1.4136 1.1007 2.4063 68 174 229
-1.4970 0.9842 2.4063 64 169 229
-1.5709 0.8614 2.4063 61 164 229
-1.6347 0.7331 2.4063 58 159 229
-1.6881 0.6002 2.4063 56 153 229
-1.7306 0.4633 2.4063 54 147 229
-1.7621 0.3236 2.4063 53 141 229
-1.7823 0.1817 2.4063 52 135 229
-1.7912 0.0387 2.4063 52 129 229
-1.7885 -0.1046 2.4063 52 123 229
-1.7745 -0.2472 2.4063 52 117 229
-1.7490 -0.3882 2.4063 53 111 229
-1.7124 -0.5267 2.4063 55 105 229
-1.6648 -0.6619 2.4063 57 99 229
-1.6066 -0.7928 2.4063 59 94 229
-1.5381 -0.9187 2.4063 62 89 229
-1.4598 -1.0387 2.4063 66 84 229
-1.3721 -1.1520 2.4063 69 79 229
-1.2757 -1.2580 2.4063 73 74 229
-1.1711 -1.3559 2.4063 78 70 229
-1.0590 -1.4451 2.4063 83 66 229
-0.9401 -1.5251 2.4063 88 63 229
-0.8152 -1.5954 2.4063 93 60 229
-0.6851 -1.6554 2.4063 98 57 229
-0.5506 -1.7049 2.4063 104 55 229
-0.4126 -1.7434 2.4063 110 54 229
-0.2720 -1.7708 2.4063 116 53 229
-0.1296 -1.7869 2.4063 122 52 229
0.0136 -1.7915 2.4063 128 52 229
0.1568 -1.7847 2.4063 134 52 229
0.2989 -1.7665 2.4063 140 53 229
0.4391 -1.7369 2.4063 146 54 229
0.5765 -1.6963 2.4063 152 56 229
0.7102 -1.6448 2.4063 158 58 229
0.8394 -1.5828 2.4063 163 60 229
0.9632 -1.5106 2.4063 168 64 229
1.0808 -1.4288 2.4063 173 67 229
1.1916 -1.3379 2.4063 178 71 229
1.2947 -1.2384 2.4063 182 75 229
1.3895 -1.1310 2.4063 186 80 229
1.4754 -1.0163 2.4063 190 84 229
1.5519 -0.8952 2.4063 193 90 229
1.6185 -0.7683 2.4063 196 95 229
1.6747 -0.6365 2.4063 198 101 229
1.7202 -0.5006 2.4063 200 106 229
1.7547 -0.3615 2.4063 202 112 229
1.7780 -0.2201 2.4063 203 118 229
1.7899 -0.0773 2.4063 203 124 229
1.9782 0.0000 2.2554 211 128 223
1.9718 0.1581 2.2554 211 134 223
1.9529 0.3152 2.2554 210 141 223
1.9215 0.4702 2.2554 209 147 223
1.8777 0.6223 2.2554 207 154 223
1.8220 0.7703 2.2554 205 160 223
1.7546 0.9135 2.2554 202 166 223
1.6760 1.0508 2.2554 198 172 223
1.5867 1.1813 2.2554 195 178 223
1.4872 1.3044 2.2554 190 183 223
1.3782 1.4190 2.2554 186 188 223
1.2604 1.5246 2.2554 181 192 223
1.1345 1.6205 2.2554 176 196 223
1.0014 1.7060 2.2554 170 200 223
0.8618 1.7805 2.2554 164 203 223
0.7168 1.8437 2.2554 158 206 223
0.5672 1.8951 2.2554 152 208 223
0.4139 1.9344 2.2554 145 209 223
0.2580 1.9613 2.2554 138 211 223
0.1004 1.9756 2.2554 132 211 223
-0.0578 1.9773 2.2554 125 211 223
-0.2156 1.9664 2.2554 118 211 223
-0.3720 1.9429 2.2554 112 210 223
-0.5261 1.9069 2.2554 105 208 223
-0.6768 1.8588 2.2554 99 206 223
-0.8232 1.7987 2.2554 93 204 223
-0.9643 1.7272 2.2554 87 201 223
-1.0993 1.6446 2.2554 81 197 223
-1.2272 1.5515 2.2554 76 193 223
-1.3472 1.4485 2.2554 70 189 223
-1.4587 1.3362 2.2554 66 184 223
-1.5608 1.2153 2.2554 61 179 223
-1.6529 1.0867 2.2554 58 174 223
-1.7345 0.9511 2.2554 54 168 223
-1.8049 0.8095 2.2554 51 162 223
-1.8639 0.6627 2.2554 49 156 223
-1.9109 0.5116 2.2554 47 149 223
-1.9456 0.3572 2.2554 45 143 223
-1.9680 0.2006 2.2554 44 136 223
-1.9777 0.0427 2.2554 44 129 223
-1.9748 -0.1155 2.2554 44 123 223
-1.9592 -0.2729 2.2554 45 116 223
-1.9312 -0.4286 2.2554 46 109 223
-1.8907 -0.5816 2.2554 47 103 223
-1.8382 -0.7308 2.2554 50 97 223
-1.7739 -0.8754 2.2554 52 90 223
-1.6983 -1.0143 2.2554 56 85 223
-1.6118 -1.1468 2.2554 59 79 223
-1.5150 -1.2720 2.2554 63 74 223
-1.4085 -1.3890 2.2554 68 69 223
-1.2930 -1.4971 2.2554 73 64 223
-1.1692 -1.5956 2.2554 78 60 223
-1.0380 -1.6839 2.2554 84 56 223
-0.9001 -1.7615 2.2554 89 53 223
-0.7564 -1.8278 2.2554 95 50 223
-0.6080 -1.8824 2.2554 102 48 223
-0.4556 -1.9250 2.2554 108 46 223
-0.3003 -1.9552 2.2554 115 45 223
-0.1431 -1.9730 2.2554 121 44 223
0.0151 -1.9781 2.2554 128 44 223
0.1731 -1.9706 2.2554 135 44 223
0.3300 -1.9504 2.2554 141 45 223
0.4848 -1.9178 2.2554 148 46 223
0.6365 -1.8729 2.2554 154 48 223
0.7842 -1.8161 2.2554 161 51 223
0.9268 -1.7476 2.2554 167 54 223
1.0635 -1.6680 2.2554 173 57 223
1.1934 -1.5776 2.2554 178 61 223
1.3156 -1.4772 2.2554 183 65 223
1.4295 -1.3674 2.2554 188 70 223
1.5342 -1.2487 2.2554 192 75 223
1.6291 -1.1221 2.2554 196 80 223
1.7135 -0.9884 2.2554 200 86 223
1.7870 -0.8483 2.2554 203 92 223
1.8491 -0.7027 2.2554 206 98 223
1.8994 -0.5527 2.2554 208 104 223
1.9375 -0.3992 2.2554 210 111 223
1.9632 -0.2431 2.2554 211 117 223
1.9763 -0.0854 2.2554 211 124 223
2.1521 0.0000 2.0901 219 128 216
2.1452 0.1720 2.0901 218 135 216
2.1246 0.3429 2.0901 217 142 216
2.0904 0.5116 2.0901 216 149 216
2.0428 0.6770 2.0901 214 156 216
1.9822 0.8381 2.0901 211 163 216
1.9089 0.9938 2.0901 208 170 216
1.8234 1.1431 2.0901 205 176 216
1.7262 1.2852 2.0901 201 182 216
1.6179 1.4190 2.0901 196 188 216
1.4994 1.5438 2.0901 191 193 216
1.3712 1.6587 2.0901 186 198 216
1.2343 1.7630 2.0901 180 202 216
1.0894 1.8560 2.0901 174 206 216
0.9376 1.9371 2.0901 167 210 216
0.7798 2.0058 2.0901 161 212 216
0.6170 2.0617 2.0901 154 215 216
0.4503 2.1044 2.0901 147 217 216
0.2807 2.1337 2.0901 139 218 216
0.1093 2.1493 2.0901 132 218 216
-0.0628 2.1512 2.0901 125 219 216
-0.2345 2.1392 2.0901 118 218 216
-0.4048 2.1137 2.0901 110 217 216
-0.5724 2.0746 2.0901 103 215 216
-0.7363 2.0222 2.0901 96 213 216
-0.8956 1.9569 2.0901 90 210 216
-1.0491 1.8790 2.0901 83 207 216
-1.1959 1.7892 2.0901 77 203 216
-1.3351 1.6879 2.0901 71 199 216
-1.4657 1.5758 2.0901 65 194 216
-1.5869 1.4536 2.0901 60 189 216
-1.6980 1.3222 2.0901 56 183 216
-1.7982 1.1823 2.0901 51 178 216
-1.8870 1.0348 2.0901 48 171 216
-1.9636 0.8807 2.0901 44 165 216
-2.0277 0.7209 2.0901 42 158 216
-2.0789 0.5566 2.0901 39 151 216
-2.1167 0.3887 2.0901 38 144 216
-2.1410 0.2183 2.0901 37 137 216
-2.1516 0.0465 2.0901 36 129 216
-2.1484 -0.1256 2.0901 37 122 216
-2.1315 -0.2969 2.0901 37 115 216
-2.1009 -0.4663 2.0901 39 108 216
-2.0570 -0.6327 2.0901 40 101 216
-1.9998 -0.7951 2.0901 43 94 216
-1.9299 -0.9523 2.0901 46 87 216
-1.8476 -1.1035 2.0901 49 81 216
-1.7535 -1.2476 2.0901 53 75 216
-1.6482 -1.3838 2.0901 58 69 216
-1.5323 -1.5111 2.0901 63 64 216
-1.4067 -1.6287 2.0901 68 59 216
-1.2720 -1.7359 2.0901 74 54 216
-1.1292 -1.8320 2.0901 80 50 216
-0.9792 -1.9164 2.0901 86 46 216
-0.8229 -1.9885 2.0901 93 43 216
-0.6614 -2.0479 2.0901 100 41 216
-0.4956 -2.0942 2.0901 107 39 216
-0.3267 -2.1271 2.0901 114 37 216
-0.1557 -2.1464 2.0901 121 37 216
0.0164 -2.1520 2.0901 128 36 216
0.1883 -2.1438 2.0901 135 37 216
0.3590 -2.1219 2.0901 143 38 216
0.5274 -2.0864 2.0901 150 39 216
0.6925 -2.0376 2.0901 157 41 216
0.8531 -1.9758 2.0901 164 44 216
1.0083 -1.9013 2.0901 170 47 216
1.1570 -1.8146 2.0901 176 51 216
1.2983 -1.7163 2.0901 182 55 216
1.4313 -1.6071 2.0901 188 59 216
1.5552 -1.4876 2.0901 193 65 216
1.6691 -1.3585 2.0901 198 70 216
1.7723 -1.2208 2.0901 203 76 216
1.8642 -1.0753 2.0901 206 82 216
1.9442 -0.9228 2.0901 210 88 216
2.0117 -0.7645 2.0901 213 95 216
2.0664 -0.6013 2.0901 215 102 216
2.1078 -0.4343 2.0901 217 109 216
2.1358 -0.2644 2.0901 218 116 216
2.1501 -0.0929 2.0901 219 124 216
2.3122 0.0000 1.9115 225 128 208
2.3048 0.1848 1.9115 225 135 208
2.2827 0.3684 1.9115 224 143 208
2.2459 0.5496 1.9115 223 151 208
2.1948 0.7273 1.9115 220 158 208
2.1297 0.9004 1.9115 218 166 208
2.0509 1.0677 1.9115 214 173 208
1.9590 1.2282 1.9115 210 179 208
1.8546 1.3808 1.9115 206 186 208
1.7383 1.5246 1.9115 201 192 208
1.6109 1.6587 1.9115 196 198 208
1.4732 1.7821 1.9115 190 203 208
1.3261 1.8941 1.9115 184 208 208
1.1705 1.9941 1.9115 177 212 208
1.0074 2.0812 1.9115 170 216 208
0.8378 2.1551 1.9115 163 219 208
0.6629 2.2151 1.9115 156 221 208
0.4838 2.2610 1.9115 148 223 208
0.3016 2.2925 1.9115 140 225 208
0.1174 2.3092 1.9115 132 225 208
-0.0675 2.3112 1.9115 125 225 208
-0.2520 2.2984 1.9115 117 225 208
-0.4349 2.2710 1.9115 109 224 208
-0.6150 2.2289 1.9115 101 222 208
-0.7911 2.1727 1.9115 94 219 208
-0.9622 2.1025 1.9115 87 217 208
-1.1272 2.0189 1.9115 80 213 208
-1.2849 1.9223 1.9115 73 209 208
-1.4344 1.8135 1.9115 67 204 208
-1.5747 1.6931 1.9115 61 199 208
-1.7050 1.5618 1.9115 55 194 208
-1.8244 1.4206 1.9115 50 188 208
-1.9321 1.2702 1.9115 46 181 208
-2.0274 1.1118 1.9115 42 175 208
-2.1098 0.9462 1.9115 38 168 208
-2.1786 0.7746 1.9115 35 160 208
-2.2336 0.5980 1.9115 33 153 208
-2.2742 0.4176 1.9115 31 145 208
-2.3003 0.2345 1.9115 30 137 208
-2.3117 0.0499 1.9115 30 130 208
-2.3083 -0.1350 1.9115 30 122 208
-2.2901 -0.3190 1.9115 31 114 208
-2.2573 -0.5010 1.9115 32 106 208
-2.2100 -0.6798 1.9115 34 99 208
-2.1486 -0.8542 1.9115 37 91 208
-2.0735 -1.0232 1.9115 40 84 208
-1.9851 -1.1856 1.9115 43 77 208
-1.8840 -1.3405 1.9115 48 71 208
-1.7709 -1.4868 1.9115 53 65 208
-1.6464 -1.6235 1.9115 58 59 208
-1.5114 -1.7499 1.9115 64 53 208
-1.3667 -1.8651 1.9115 70 49 208
-1.2133 -1.9683 1.9115 76 44 208
-1.0521 -2.0590 1.9115 83 40 208
-0.8842 -2.1365 1.9115 90 37 208
-0.7106 -2.2003 1.9115 97 34 208
-0.5325 -2.2501 1.9115 105 32 208
-0.3510 -2.2854 1.9115 113 31 208
-0.1672 -2.3062 1.9115 120 30 208
0.0176 -2.3121 1.9115 128 30 208
0.2023 -2.3033 1.9115 136 30 208
0.3857 -2.2798 1.9115 144 31 208
0.5667 -2.2417 1.9115 151 33 208
0.7440 -2.1892 1.9115 159 35 208
0.9166 -2.1228 1.9115 166 38 208
1.0833 -2.0427 1.9115 173 41 208
1.2431 -1.9496 1.9115 180 45 208
1.3949 -1.8441 1.9115 187 49 208
1.5378 -1.7267 1.9115 193 54 208
1.6709 -1.5983 1.9115 198 60 208
1.7933 -1.4596 1.9115 203 66 208
1.9042 -1.3116 1.9115 208 72 208
2.0029 -1.1553 1.9115 212 79 208
2.0888 -0.9915 1.9115 216 86 208
2.1614 -0.8214 1.9115 219 93 208
2.2201 -0.6461 1.9115 221 100 208
2.2647 -0.4666 1.9115 223 108 208
2.2947 -0.2841 1.9115 225 115 208
2.3101 -0.0998 1.9115 225 123 208
2.4576 0.0000 1.7206 232 128 200
2.4497 0.1964 1.7206 231 136 200
2.4262 0.3915 1.7206 230 144 200
2.3871 0.5842 1.7206 229 152 200
2.3328 0.7731 1.7206 226 160 200
2.2636 0.9570 1.7206 223 168 200
2.1799 1.1349 1.7206 220 176 200
2.0822 1.3054 1.7206 216 183 200
1.9712 1.4677 1.7206 211 190 200
1.8476 1.6205 1.7206 206 196 200
1.7122 1.7630 1.7206 200 202 200
1.5658 1.8941 1.7206 194 208 200
1.4095 2.0132 1.7206 187 213 200
1.2441 2.1194 1.7206 180 217 200
1.0707 2.2121 1.7206 173 221 200
0.8905 2.2906 1.7206 165 224 200
0.7046 2.3544 1.7206 157 227 200
0.5142 2.4032 1.7206 149 229 200
0.3205 2.4366 1.7206 141 231 200
0.1248 2.4544 1.7206 133 231 200
-0.0718 2.4565 1.7206 124 231 200
-0.2678 2.4429 1.7206 116 231 200
-0.4622 2.4137 1.7206 108 230 200
-0.6536 2.3691 1.7206 100 228 200
-0.8409 2.3092 1.7206 92 225 200
-1.0227 2.2347 1.7206 84 222 200
-1.1980 2.1458 1.7206 77 218 200
-1.3657 2.0432 1.7206 70 214 200
-1.5246 1.9275 1.7206 63 209 200
-1.6737 1.7995 1.7206 57 204 200
-1.8122 1.6600 1.7206 51 198 200
-1.9391 1.5099 1.7206 45 191 200
-2.0535 1.3501 1.7206 41 185 200
-2.1548 1.1817 1.7206 36 178 200
-2.2424 1.0057 1.7206 33 170 200
-2.3156 0.8233 1.7206 29 162 200
-2.3740 0.6356 1.7206 27 154 200
-2.4172 0.4438 1.7206 25 146 200
-2.4449 0.2492 1.7206 24 138 200
-2.4570 0.0531 1.7206 23 130 200
-2.4534 -0.1435 1.7206 24 121 200
-2.4341 -0.3391 1.7206 24 113 200
-2.3992 -0.5325 1.7206 26 105 200
-2.3490 -0.7225 1.7206 28 97 200
-2.2837 -0.9079 1.7206 31 89 200
-2.2039 -1.0875 1.7206 34 81 200
-2.1099 -1.2602 1.7206 38 74 200
-2.0024 -1.4247 1.7206 43 67 200
-1.8822 -1.5802 1.7206 48 61 200
-1.7499 -1.7256 1.7206 53 54 200
-1.6064 -1.8599 1.7206 59 49 200
-1.4526 -1.9823 1.7206 66 44 200
-1.2895 -2.0921 1.7206 73 39 200
-1.1182 -2.1884 1.7206 80 35 200
-0.9398 -2.2708 1.7206 88 31 200
-0.7553 -2.3386 1.7206 96 28 200
-0.5660 -2.3915 1.7206 104 26 200
-0.3731 -2.4291 1.7206 112 25 200
-0.1777 -2.4511 1.7206 120 24 200
0.0187 -2.4575 1.7206 128 23 200
0.2150 -2.4481 1.7206 137 24 200
0.4100 -2.4231 1.7206 145 25 200
0.6023 -2.3826 1.7206 153 27 200
0.7908 -2.3269 1.7206 161 29 200
0.9742 -2.2562 1.7206 169 32 200
1.1514 -2.1712 1.7206 176 36 200
1.3212 -2.0722 1.7206 183 40 200
1.4826 -1.9600 1.7206 190 45 200
1.6345 -1.8352 1.7206 197 50 200
1.7759 -1.6987 1.7206 203 56 200
1.9060 -1.5514 1.7206 208 62 200
2.0239 -1.3941 1.7206 213 68 200
2.1288 -1.2279 1.7206 218 76 200
2.2201 -1.0539 1.7206 221 83 200
2.2973 -0.8731 1.7206 225 91 200
2.3597 -0.6867 1.7206 227 98 200
2.4070 -0.4959 1.7206 229 107 200
2.4390 -0.3020 1.7206 231 115 200
2.4553 -0.1061 1.7206 231 123 200
2.5872 0.0000 1.5187 237 128 192
2.5789 0.2068 1.5187 237 136 192
2.5542 0.4122 1.5187 236 145 192
2.5131 0.6150 1.5187 234 154 192
2.4559 0.8139 1.5187 231 162 192
2.3830 1.0075 1.5187 228 170 192
2.2948 1.1947 1.5187 225 178 192
2.1920 1.3743 1.5187 220 186 192
2.0752 1.5451 1.5187 215 193 192
1.9451 1.7060 1.5187 210 200 192
1.8025 1.8560 1.5187 204 206 192
1.6484 1.9941 1.5187 197 212 192
1.4838 2.1194 1.5187 190 217 192
1.3097 2.2312 1.5187 183 222 192
1.1272 2.3288 1.5187 175 226 192
0.9375 2.4114 1.5187 167 230 192
0.7418 2.4786 1.5187 159 232 192
0.5413 2.5299 1.5187 150 235 192
0.3374 2.5651 1.5187 142 236 192
0.1314 2.5839 1.5187 133 237 192
-0.0755 2.5861 1.5187 124 237 192
-0.2820 2.5718 1.5187 116 236 192
-0.4866 2.5410 1.5187 107 235 192
-0.6881 2.4940 1.5187 98 233 192
-0.8852 2.4311 1.5187 90 230 192
-1.0767 2.3525 1.5187 82 227 192
-1.2612 2.2590 1.5187 74 223 192
-1.4377 2.1510 1.5187 67 219 192
-1.6050 2.0292 1.5187 60 213 192
-1.7620 1.8944 1.5187 53 208 192
-1.9078 1.7476 1.5187 47 201 192
-2.0413 1.5895 1.5187 41 195 192
-2.1618 1.4213 1.5187 36 188 192
-2.2685 1.2440 1.5187 31 180 192
-2.3607 1.0587 1.5187 28 172 192
-2.4377 0.8667 1.5187 24 164 192
-2.4992 0.6691 1.5187 22 156 192
-2.5447 0.4672 1.5187 20 147 192
-2.5739 0.2624 1.5187 19 139 192
-2.5866 0.0559 1.5187 18 130 192
-2.5828 -0.1510 1.5187 18 121 192
-2.5625 -0.3569 1.5187 19 112 192
-2.5258 -0.5606 1.5187 21 104 192
-2.4729 -0.7606 1.5187 23 95 192
-2.4042 -0.9558 1.5187 26 87 192
-2.3201 -1.1449 1.5187 29 79 192
-2.2212 -1.3266 1.5187 33 71 192
-2.1081 -1.4999 1.5187 38 64 192
-1.9815 -1.6636 1.5187 44 57 192
-1.8422 -1.8166 1.5187 50 51 192
-1.6911 -1.9580 1.5187 56 45 192
-1.5292 -2.0869 1.5187 63 39 192
-1.3576 -2.2024 1.5187 70 34 192
-1.1772 -2.3039 1.5187 78 30 192
-0.9893 -2.3906 1.5187 86 26 192
-0.7951 -2.4620 1.5187 94 23 192
-0.5958 -2.5177 1.5187 102 21 192
-0.3927 -2.5572 1.5187 111 19 192
-0.1871 -2.5804 1.5187 120 18 192
0.0197 -2.5871 1.5187 128 18 192
0.2264 -2.5773 1.5187 137 18 192
0.4316 -2.5510 1.5187 146 20 192
0.6341 -2.5083 1.5187 154 21 192
0.8325 -2.4496 1.5187 163 24 192
1.0256 -2.3752 1.5187 171 27 192
1.2122 -2.2857 1.5187 179 31 192
1.3909 -2.1815 1.5187 186 35 192
1.5608 -2.0634 1.5187 194 40 192
1.7207 -1.9320 1.5187 200 46 192
1.8696 -1.7884 1.5187 207 52 192
2.0066 -1.6332 1.5187 212 58 192
2.1307 -1.4676 1.5187 218 65 192
2.2411 -1.2927 1.5187 222 73 192
2.3373 -1.1094 1.5187 226 81 192
2.4184 -0.9191 1.5187 230 89 192
2.4842 -0.7229 1.5187 233 97 192
2.5340 -0.5221 1.5187 235 105 192
2.5676 -0.3179 1.5187 236 114 192
2.5848 -0.1117 1.5187 237 123 192
2.7003 0.0000 1.3070 242 128 183
2.6917 0.2158 1.3070 241 137 183
2.6658 0.4302 1.3070 240 146 183
2.6229 0.6419 1.3070 239 155 183
2.5632 0.8494 1.3070 236 163 183
2.4871 1.0515 1.3070 233 172 183
2.3952 1.2469 1.3070 229 180 183
2.2878 1.4344 1.3070 224 188 183
2.1659 1.6126 1.3070 219 196 183
2.0301 1.7805 1.3070 213 203 183
1.8813 1.9371 1.3070 207 210 183
1.7205 2.0812 1.3070 200 216 183
1.5487 2.2121 1.3070 193 221 183
1.3669 2.3288 1.3070 185 226 183
1.1765 2.4305 1.3070 177 230 183
0.9785 2.5168 1.3070 169 234 183
0.7742 2.5869 1.3070 160 237 183
0.5650 2.6405 1.3070 151 239 183
0.3522 2.6772 1.3070 142 241 183
0.1371 2.6968 1.3070 133 242 183
-0.0788 2.6991 1.3070 124 242 183
-0.2943 2.6842 1.3070 115 241 183
-0.5079 2.6521 1.3070 106 240 183
-0.7182 2.6030 1.3070 97 238 183
-0.9239 2.5373 1.3070 88 235 183
-1.1237 2.4554 1.3070 80 231 183
-1.3163 2.3577 1.3070 72 227 183
-1.5006 2.2450 1.3070 64 223 183
-1.6752 2.1179 1.3070 57 217 183
-1.8391 1.9772 1.3070 50 211 183
-1.9912 1.8240 1.3070 43 205 183
-2.1306 1.6590 1.3070 37 198 183
-2.2563 1.4834 1.3070 32 190 183
-2.3677 1.2984 1.3070 27 182 183
-2.4639 1.1050 1.3070 23 174 183
-2.5443 0.9046 1.3070 20 166 183
-2.6084 0.6984 1.3070 17 157 183
-2.6559 0.4877 1.3070 15 148 183
-2.6864 0.2739 1.3070 14 139 183
-2.6997 0.0583 1.3070 13 130 183
-2.6957 -0.1576 1.3070 13 121 183
-2.6745 -0.3725 1.3070 14 112 183
-2.6362 -0.5851 1.3070 16 103 183
-2.5810 -0.7939 1.3070 18 94 183
-2.5093 -0.9976 1.3070 21 85 183
-2.4215 -1.1949 1.3070 25 77 183
-2.3183 -1.3846 1.3070 29 69 183
-2.2002 -1.5655 1.3070 34 61 183
-2.0681 -1.7363 1.3070 40 54 183
-1.9227 -1.8960 1.3070 46 47 183
-1.7650 -2.0436 1.3070 53 41 183
-1.5961 -2.1781 1.3070 60 35 183
-1.4169 -2.2987 1.3070 68 30 183
-1.2287 -2.4046 1.3070 75 26 183
-1.0326 -2.4951 1.3070 84 22 183
-0.8299 -2.5696 1.3070 92 19 183
-0.6219 -2.6277 1.3070 101 16 183
-0.4099 -2.6690 1.3070 110 15 183
-0.1953 -2.6932 1.3070 119 13 183
0.0206 -2.7002 1.3070 128 13 183
0.2363 -2.6899 1.3070 138 14 183
0.4505 -2.6625 1.3070 147 15 183
0.6618 -2.6179 1.3070 156 17 183
0.8689 -2.5567 1.3070 164 19 183
1.0704 -2.4791 1.3070 173 23 183
1.2651 -2.3856 1.3070 181 27 183
1.4517 -2.2769 1.3070 189 31 183
1.6290 -2.1536 1.3070 196 36 183
1.7959 -2.0165 1.3070 204 42 183
1.9513 -1.8665 1.3070 210 48 183
2.0943 -1.7046 1.3070 216 55 183
2.2238 -1.5318 1.3070 222 63 183
2.3391 -1.3492 1.3070 227 70 183
2.4394 -1.1579 1.3070 231 78 183
2.5242 -0.9593 1.3070 234 87 183
2.5927 -0.7545 1.3070 237 96 183
2.6448 -0.5449 1.3070 239 104 183
2.6798 -0.3318 1.3070 241 113 183
2.6978 -0.1166 1.3070 242 123 183
2.7961 0.0000 1.0871 246 128 174
2.7872 0.2235 1.0871 245 137 174
2.7604 0.4455 1.0871 244 146 174
2.7160 0.6646 1.0871 242 156 174
2.6542 0.8796 1.0871 240 165 174
2.5754 1.0889 1.0871 237 174 174
2.4801 1.2912 1.0871 232 182 174
2.3690 1.4853 1.0871 228 190 174
2.2428 1.6698 1.0871 222 198 174
2.1021 1.8437 1.0871 216 206 174
1.9481 2.0058 1.0871 210 212 174
1.7815 2.1551 1.0871 203 219 174
1.6036 2.2906 1.0871 195 224 174
1.4155 2.4114 1.0871 187 230 174
1.2182 2.5168 1.0871 179 234 174
1.0132 2.6061 1.0871 170 238 174
0.8017 2.6787 1.0871 161 241 174
0.5851 2.7342 1.0871 152 243 174
0.3647 2.7722 1.0871 143 245 174
0.1420 2.7925 1.0871 134 246 174
-0.0816 2.7949 1.0871 124 246 174
-0.3047 2.7795 1.0871 115 245 174
-0.5259 2.7462 1.0871 105 244 174
-0.7437 2.6954 1.0871 96 242 174
-0.9567 2.6274 1.0871 87 239 174
-1.1636 2.5425 1.0871 78 235 174
-1.3631 2.4414 1.0871 70 231 174
-1.5538 2.3246 1.0871 62 226 174
-1.7346 2.1930 1.0871 54 220 174
-1.9043 2.0474 1.0871 47 214 174
-2.0618 1.8887 1.0871 40 207 174
-2.2062 1.7179 1.0871 34 200 174
-2.3364 1.5361 1.0871 29 193 174
-2.4517 1.3444 1.0871 24 184 174
-2.5513 1.1442 1.0871 19 176 174
-2.6346 0.9367 1.0871 16 167 174
-2.7010 0.7231 1.0871 13 158 174
-2.7501 0.5050 1.0871 11 149 174
-2.7817 0.2836 1.0871 10 140 174
-2.7955 0.0604 1.0871 9 130 174
-2.7913 -0.1632 1.0871 9 121 174
-2.7694 -0.3858 1.0871 10 111 174
-2.7297 -0.6058 1.0871 12 102 174
-2.6725 -0.8221 1.0871 14 93 174
-2.5983 -1.0330 1.0871 18 84 174
-2.5074 -1.2373 1.0871 21 75 174
-2.4005 -1.4338 1.0871 26 67 174
-2.2783 -1.6210 1.0871 31 59 174
-2.1415 -1.7979 1.0871 37 51 174
-1.9909 -1.9633 1.0871 43 44 174
-1.8277 -2.1161 1.0871 50 38 174
-1.6527 -2.2554 1.0871 58 32 174
-1.4672 -2.3803 1.0871 65 27 174
-1.2723 -2.4899 1.0871 74 22 174
-1.0692 -2.5836 1.0871 82 18 174
-0.8593 -2.6608 1.0871 91 15 174
-0.6440 -2.7210 1.0871 100 12 174
-0.4245 -2.7637 1.0871 110 11 174
-0.2022 -2.7888 1.0871 119 9 174
0.0213 -2.7960 1.0871 128 9 174
0.2447 -2.7854 1.0871 138 10 174
0.4665 -2.7569 1.0871 147 11 174
0.6853 -2.7108 1.0871 157 13 174
0.8997 -2.6474 1.0871 166 15 174
1.1084 -2.5670 1.0871 174 19 174
1.3100 -2.4702 1.0871 183 23 174
1.5032 -2.3577 1.0871 191 28 174
1.6868 -2.2300 1.0871 199 33 174
1.8597 -2.0880 1.0871 206 39 174
2.0206 -1.9328 1.0871 213 46 174
2.1686 -1.7651 1.0871 219 53 174
2.3027 -1.5861 1.0871 225 60 174
2.4221 -1.3971 1.0871 230 68 174
2.5260 -1.1990 1.0871 234 77 174
2.6137 -0.9933 1.0871 238 85 174
2.6847 -0.7813 1.0871 241 94 174
2.7386 -0.5642 1.0871 243 104 174
2.7749 -0.3436 1.0871 245 113 174
2.7935 -0.1207 1.0871 246 122 174
2.8740 0.0000 0.8601 249 128 164
2.8649 0.2297 0.8601 249 137 164
2.8373 0.4579 0.8601 248 147 164
2.7917 0.6832 0.8601 246 156 164
2.7281 0.9041 0.8601 243 166 164
2.6472 1.1192 0.8601 240 175 164
2.5493 1.3272 0.8601 235 184 164
2.4351 1.5267 0.8601 231 192 164
2.3053 1.7164 0.8601 225 200 164
2.1607 1.8951 0.8601 219 208 164
2.0024 2.0617 0.8601 212 215 164
1.8312 2.2151 0.8601 205 221 164
1.6483 2.3544 0.8601 197 227 164
1.4549 2.4786 0.8601 189 232 164
1.2522 2.5869 0.8601 181 237 164
1.0414 2.6787 0.8601 172 241 164
0.8240 2.7534 0.8601 162 244 164
0.6014 2.8104 0.8601 153 246 164
0.3748 2.8495 0.8601 143 248 164
0.1459 2.8703 0.8601 134 249 164
-0.0839 2.8728 0.8601 124 249 164
-0.3132 2.8569 0.8601 114 248 164
-0.5405 2.8228 0.8601 105 247 164
-0.7644 2.7705 0.8601 95 245 164
-0.9834 2.7006 0.8601 86 242 164
-1.1960 2.6134 0.8601 77 238 164
-1.4010 2.5094 0.8601 68 234 164
-1.5971 2.3894 0.8601 60 229 164
-1.7829 2.2542 0.8601 52 223 164
-1.9574 2.1045 0.8601 45 217 164
-2.1193 1.9413 0.8601 38 210 164
-2.2677 1.7657 0.8601 32 202 164
-2.4015 1.5789 0.8601 26 194 164
-2.5200 1.3819 0.8601 21 186 164
-2.6224 1.1761 0.8601 16 177 164
-2.7080 0.9628 0.8601 13 168 164
-2.7763 0.7433 0.8601 10 159 164
-2.8268 0.5190 0.8601 8 149 164
-2.8592 0.2915 0.8601 6 140 164
-2.8734 0.0621 0.8601 6 130 164
-2.8691 -0.1678 0.8601 6 120 164
-2.8466 -0.3965 0.8601 7 111 164
-2.8058 -0.6227 0.8601 9 101 164
-2.7470 -0.8450 0.8601 11 92 164
-2.6707 -1.0618 0.8601 14 83 164
-2.5773 -1.2718 0.8601 18 74 164
-2.4674 -1.4737 0.8601 23 65 164
-2.3418 -1.6662 0.8601 28 57 164
-2.2011 -1.8480 0.8601 34 49 164
-2.0464 -2.0180 0.8601 41 42 164
-1.8786 -2.1751 0.8601 48 35 164
-1.6988 -2.3183 0.8601 56 29 164
-1.5081 -2.4466 0.8601 64 24 164
-1.3077 -2.5593 0.8601 72 19 164
-1.0990 -2.6556 0.8601 81 15 164
-0.8833 -2.7349 0.8601 90 12 164
-0.6619 -2.7968 0.8601 99 9 164
-0.4363 -2.8407 0.8601 109 7 164
-0.2079 -2.8665 0.8601 119 6 164
0.0219 -2.8740 0.8601 128 6 164
0.2515 -2.8630 0.8601 138 6 164
0.4795 -2.8338 0.8601 148 8 164
0.7044 -2.7864 0.8601 157 10 164
0.9248 -2.7212 0.8601 167 12 164
1.1393 -2.6386 0.8601 176 16 164
1.3465 -2.5391 0.8601 185 20 164
1.5451 -2.4234 0.8601 193 25 164
1.7339 -2.2921 0.8601 201 30 164
1.9115 -2.1462 0.8601 208 37 164
2.0769 -1.9866 0.8601 215 43 164
2.2290 -1.8143 0.8601 222 51 164
2.3669 -1.6304 0.8601 228 58 164
2.4896 -1.4360 0.8601 233 67 164
2.5964 -1.2324 0.8601 237 75 164
2.6866 -1.0210 0.8601 241 84 164
2.7596 -0.8031 0.8601 244 94 164
2.8149 -0.5800 0.8601 247 103 164
2.8523 -0.3531 0.8601 248 113 164
2.8714 -0.1241 0.8601 249 122 164
2.9336 0.0000 0.6277 252 128 154
2.9242 0.2344 0.6277 251 137 154
2.8961 0.4674 0.6277 250 147 154
2.8495 0.6973 0.6277 248 157 154
2.7847 0.9228 0.6277 245 167 154
2.7020 1.1424 0.6277 242 176 154
2.6021 1.3547 0.6277 238 185 154
2.4855 1.5583 0.6277 233 193 154
2.3530 1.7519 0.6277 227 202 154
2.2055 1.9344 0.6277 221 209 154
2.0439 2.1044 0.6277 214 217 154
1.8691 2.2610 0.6277 207 223 154
1.6825 2.4032 0.6277 199 229 154
1.4850 2.5299 0.6277 190 235 154
1.2781 2.6405 0.6277 182 239 154
1.0630 2.7342 0.6277 173 243 154
0.8411 2.8104 0.6277 163 246 154
0.6138 2.8687 0.6277 153 249 154
0.3826 2.9085 0.6277 144 251 154
0.1490 2.9298 0.6277 134 252 154
-0.0857 2.9323 0.6277 124 252 154
-0.3197 2.9161 0.6277 114 251 154
-0.5517 2.8812 0.6277 104 249 154
-0.7802 2.8279 0.6277 94 247 154
-1.0037 2.7565 0.6277 85 244 154
-1.2208 2.6675 0.6277 76 240 154
-1.4301 2.5614 0.6277 67 236 154
-1.6302 2.4389 0.6277 58 231 154
-1.8199 2.3009 0.6277 50 225 154
-1.9979 2.1481 0.6277 43 218 154
-2.1632 1.9815 0.6277 36 211 154
-2.3146 1.8023 0.6277 30 204 154
-2.4513 1.6116 0.6277 24 196 154
-2.5722 1.4105 0.6277 19 187 154
-2.6767 1.2005 0.6277 14 178 154
-2.7641 0.9827 0.6277 10 169 154
-2.8338 0.7587 0.6277 8 160 154
-2.8854 0.5298 0.6277 5 150 154
-2.9185 0.2975 0.6277 4 140 154
-2.9329 0.0633 0.6277 3 130 154
-2.9286 -0.1712 0.6277 4 120 154
-2.9055 -0.4047 0.6277 4 110 154
-2.8639 -0.6356 0.6277 6 101 154
-2.8039 -0.8625 0.6277 9 91 154
-2.7261 -1.0838 0.6277 12 82 154
-2.6307 -1.2982 0.6277 16 73 154
-2.5186 -1.5043 0.6277 21 64 154
-2.3903 -1.7007 0.6277 26 56 154
-2.2467 -1.8863 0.6277 32 48 154
-2.0888 -2.0598 0.6277 39 40 154
-1.9175 -2.2202 0.6277 46 34 154
-1.7340 -2.3663 0.6277 54 27 154
-1.5393 -2.4973 0.6277 62 22 154
-1.3348 -2.6123 0.6277 71 17 154
-1.1218 -2.7106 0.6277 80 13 154
-0.9016 -2.7916 0.6277 89 9 154
-0.6756 -2.8547 0.6277 99 7 154
-0.4453 -2.8996 0.6277 109 5 154
-0.2122 -2.9259 0.6277 119 4 154
0.0223 -2.9335 0.6277 128 3 154
0.2567 -2.9223 0.6277 138 4 154
0.4894 -2.8925 0.6277 148 5 154
0.7190 -2.8441 0.6277 158 7 154
0.9440 -2.7776 0.6277 167 10 154
1.1629 -2.6932 0.6277 177 13 154
1.3744 -2.5917 0.6277 186 18 154
1.5772 -2.4736 0.6277 194 23 154
1.7698 -2.3396 0.6277 202 28 154
1.9511 -2.1907 0.6277 210 35 154
2.1199 -2.0278 0.6277 217 42 154
2.2752 -1.8519 0.6277 224 49 154
2.4159 -1.6641 0.6277 230 57 154
2.5412 -1.4657 0.6277 235 65 154
2.6502 -1.2580 0.6277 240 74 154
2.7422 -1.0422 0.6277 244 83 154
2.8167 -0.8197 0.6277 247 93 154
2.8732 -0.5920 0.6277 249 102 154
2.9114 -0.3605 0.6277 251 112 154
2.9309 -0.1266 0.6277 252 122 154
2.9744 0.0000 0.3913 253 128 144
2.9649 0.2377 0.3913 253 138 144
2.9364 0.4739 0.3913 252 148 144
2.8891 0.7070 0.3913 250 157 144
2.8234 0.9356 0.3913 247 167 144
2.7396 1.1583 0.3913 243 177 144
2.6383 1.3735 0.3913 239 186 144
2.5201 1.5799 0.3913 234 194 144
2.3857 1.7763 0.3913 228 203 144
2.2362 1.9613 0.3913 222 211 144
2.0723 2.1337 0.3913 215 218 144
1.8951 2.2925 0.3913 208 225 144
1.7059 2.4366 0.3913 200 231 144
1.5057 2.5651 0.3913 191 236 144
1.2959 2.6772 0.3913 182 241 144
1.0778 2.7722 0.3913 173 245 144
0.8528 2.8495 0.3913 164 248 144
0.6224 2.9085 0.3913 154 251 144
0.3879 2.9490 0.3913 144 252 144
0.1510 2.9705 0.3913 134 253 144
-0.0869 2.9731 0.3913 124 253 144
-0.3242 2.9567 0.3913 114 253 144
-0.5594 2.9213 0.3913 104 251 144
-0.7911 2.8672 0.3913 94 249 144
-1.0177 2.7949 0.3913 84 246 144
-1.2378 2.7046 0.3913 75 242 144
-1.4500 2.5970 0.3913 66 237 144
-1.6529 2.4728 0.3913 58 232 144
-1.8452 2.3328 0.3913 49 226 144
-2.0257 2.1779 0.3913 42 220 144
-2.1933 2.0091 0.3913 35 213 144
-2.3468 1.8274 0.3913 28 205 144
-2.4854 1.6340 0.3913 22 197 144
-2.6080 1.4301 0.3913 17 188 144
-2.7139 1.2172 0.3913 13 179 144
-2.8025 0.9964 0.3913 9 170 144
-2.8732 0.7692 0.3913 6 160 144
-2.9255 0.5372 0.3913 4 150 144
-2.9590 0.3017 0.3913 2 140 144
-2.9737 0.0642 0.3913 2 130 144
-2.9693 -0.1736 0.3913 2 120 144
-2.9459 -0.4104 0.3913 3 110 144
-2.9037 -0.6445 0.3913 5 100 144
-2.8429 -0.8745 0.3913 7 90 144
-2.7640 -1.0989 0.3913 10 81 144
-2.6673 -1.3162 0.3913 15 72 144
-2.5536 -1.5252 0.3913 19 63 144
-2.4235 -1.7244 0.3913 25 55 144
-2.2780 -1.9125 0.3913 31 47 144
-2.1179 -2.0884 0.3913 38 39 144
-1.9442 -2.2510 0.3913 45 32 144
-1.7581 -2.3992 0.3913 53 26 144
-1.5607 -2.5320 0.3913 61 20 144
-1.3534 -2.6486 0.3913 70 15 144
-1.1374 -2.7483 0.3913 79 11 144
-0.9141 -2.8304 0.3913 89 8 144
-0.6850 -2.8944 0.3913 99 5 144
-0.4515 -2.9399 0.3913 108 3 144
-0.2151 -2.9666 0.3913 118 2 144
0.0226 -2.9743 0.3913 128 2 144
0.2603 -2.9630 0.3913 139 2 144
0.4962 -2.9327 0.3913 149 3 144
0.7290 -2.8837 0.3913 158 5 144
0.9571 -2.8162 0.3913 168 8 144
1.1791 -2.7307 0.3913 177 12 144
1.3935 -2.6277 0.3913 186 16 144
1.5991 -2.5080 0.3913 195 21 144
1.7944 -2.3721 0.3913 203 27 144
1.9782 -2.2212 0.3913 211 33 144
2.1494 -2.0560 0.3913 218 40 144
2.3068 -1.8776 0.3913 225 48 144
2.4495 -1.6873 0.3913 231 56 144
2.5765 -1.4861 0.3913 237 65 144
2.6870 -1.2755 0.3913 241 74 144
2.7804 -1.0567 0.3913 245 83 144
2.8559 -0.8311 0.3913 248 92 144
2.9132 -0.6002 0.3913 251 102 144
2.9518 -0.3655 0.3913 252 112 144
2.9716 -0.1284 0.3913 253 122 144
2.9961 0.0000 0.1523 254 128 134
2.9865 0.2394 0.1523 254 138 134
2.9579 0.4773 0.1523 253 148 134
2.9103 0.7122 0.1523 251 158 134
2.8440 0.9425 0.1523 248 167 134
2.7596 1.1667 0.1523 244 177 134
2.6576 1.3836 0.1523 240 186 134
2.5385 1.5915 0.1523 235 195 134
2.4032 1.7893 0.1523 229 203 134
2.2525 1.9756 0.1523 223 211 134
2.0874 2.1493 0.1523 216 218 134
1.9090 2.3092 0.1523 208 225 134
1.7183 2.4544 0.1523 200 231 134
1.5167 2.5839 0.1523 192 237 134
1.3054 2.6968 0.1523 183 242 134
1.0857 2.7925 0.1523 173 246 134
0.8590 2.8703 0.1523 164 249 134
0.6269 2.9298 0.1523 154 252 134
0.3908 2.9705 0.1523 144 253 134
0.1521 2.9923 0.1523 134 254 134
-0.0875 2.9949 0.1523 124 254 134
-0.3265 2.9783 0.1523 114 254 134
-0.5635 2.9427 0.1523 104 252 134
-0.7969 2.8882 0.1523 94 250 134
-1.0251 2.8153 0.1523 84 247 134
-1.2468 2.7244 0.1523 75 243 134
-1.4606 2.6160 0.1523 66 238 134
-1.6649 2.4909 0.1523 57 233 134
-1.8587 2.3499 0.1523 49 227 134
-2.0405 2.1939 0.1523 41 220 134
-2.2093 2.0238 0.1523 34 213 134
-2.3640 1.8407 0.1523 27 205 134
-2.5035 1.6459 0.1523 22 197 134
-2.6271 1.4406 0.1523 16 188 134
-2.7338 1.2261 0.1523 12 179 134
-2.8230 1.0037 0.1523 8 170 134
-2.8942 0.7749 0.1523 5 160 134
-2.9469 0.5411 0.1523 3 150 134
-2.9807 0.3039 0.1523 1 140 134
-2.9954 0.0647 0.1523 1 130 134
-2.9910 -0.1749 0.1523 1 120 134
-2.9675 -0.4134 0.1523 2 110 134
-2.9250 -0.6492 0.1523 4 100 134
-2.8637 -0.8809 0.1523 6 90 134
-2.7842 -1.1069 0.1523 10 81 134
-2.6868 -1.3258 0.1523 14 71 134
-2.5723 -1.5363 0.1523 19 62 134
-2.4413 -1.7370 0.1523 24 54 134
-2.2946 -1.9265 0.1523 30 46 134
-2.1333 -2.1037 0.1523 37 38 134
-1.9584 -2.2675 0.1523 45 32 134
-1.7709 -2.4167 0.1523 53 25 134
-1.5721 -2.5505 0.1523 61 20 134
-1.3633 -2.6680 0.1523 70 15 134
-1.1457 -2.7684 0.1523 79 10 134
-0.9208 -2.8511 0.1523 89 7 134
-0.6900 -2.9156 0.1523 98 4 134
-0.4548 -2.9614 0.1523 108 2 134
-0.2167 -2.9883 0.1523 118 1 134
0.0228 -2.9960 0.1523 128 1 134
0.2622 -2.9846 0.1523 139 1 134
0.4998 -2.9541 0.1523 149 2 134
0.7343 -2.9048 0.1523 159 5 134
0.9641 -2.8368 0.1523 168 7 134
1.1877 -2.7507 0.1523 178 11 134
1.4037 -2.6469 0.1523 187 15 134
1.6108 -2.5263 0.1523 196 21 134
1.8075 -2.3895 0.1523 204 26 134
1.9927 -2.2374 0.1523 212 33 134
2.1651 -2.0710 0.1523 219 40 134
2.3237 -1.8914 0.1523 226 47 134
2.4674 -1.6996 0.1523 232 56 134
2.5953 -1.4970 0.1523 237 64 134
2.7067 -1.2848 0.1523 242 73 134
2.8007 -1.0644 0.1523 246 82 134
2.8768 -0.8372 0.1523 249 92 134
2.9345 -0.6046 0.1523 252 102 134
2.9734 -0.3681 0.1523 253 112 134
2.9933 -0.1293 0.1523 254 122 134
2.9987 0.0000 -0.0876 254 128 124
2.9891 0.2396 -0.0876 254 138 124
2.9604 0.4778 -0.0876 253 148 124
2.9128 0.7128 -0.0876 251 158 124
2.8465 0.9433 -0.0876 248 167 124
2.7620 1.1678 -0.0876 244 177 124
2.6599 1.3847 -0.0876 240 186 124
2.5407 1.5929 -0.0876 235 195 124
2.4053 1.7908 -0.0876 229 203 124
2.2545 1.9773 -0.0876 223 211 124
2.0892 2.1512 -0.0876 216 219 124
1.9106 2.3112 -0.0876 208 225 124
1.7198 2.4565 -0.0876 200 231 124
1.5180 2.5861 -0.0876 192 237 124
1.3065 2.6991 -0.0876 183 242 124
1.0866 2.7949 -0.0876 173 246 124
0.8598 2.8728 -0.0876 164 249 124
0.6274 2.9323 -0.0876 154 252 124
0.3911 2.9731 -0.0876 144 253 124
0.1523 2.9949 -0.0876 134 254 124
-0.0876 2.9974 -0.0876 124 254 124
-0.3268 2.9809 -0.0876 114 254 124
-0.5640 2.9452 -0.0876 104 252 124
-0.7976 2.8907 -0.0876 94 250 124
-1.0260 2.8177 -0.0876 84 247 124
-1.2479 2.7267 -0.0876 75 243 124
-1.4618 2.6183 -0.0876 66 238 124
-1.6664 2.4931 -0.0876 57 233 124
-1.8603 2.3519 -0.0876 49 227 124
-2.0423 2.1958 -0.0876 41 220 124
-2.2112 2.0255 -0.0876 34 213 124
-2.3660 1.8423 -0.0876 27 205 124
-2.5057 1.6474 -0.0876 21 197 124
-2.6293 1.4419 -0.0876 16 189 124
-2.7361 1.2271 -0.0876 12 179 124
-2.8255 1.0045 -0.0876 8 170 124
-2.8967 0.7755 -0.0876 5 160 124
-2.9494 0.5416 -0.0876 3 150 124
-2.9833 0.3041 -0.0876 1 140 124
-2.9980 0.0647 -0.0876 1 130 124
-2.9936 -0.1750 -0.0876 1 120 124
-2.9700 -0.4137 -0.0876 2 110 124
-2.9275 -0.6497 -0.0876 4 100 124
-2.8662 -0.8816 -0.0876 6 90 124
-2.7866 -1.1079 -0.0876 10 81 124
-2.6891 -1.3270 -0.0876 14 71 124
-2.5745 -1.5377 -0.0876 19 62 124
-2.4434 -1.7385 -0.0876 24 54 124
-2.2966 -1.9282 -0.0876 30 46 124
-2.1352 -2.1055 -0.0876 37 38 124
-1.9601 -2.2694 -0.0876 45 31 124
-1.7725 -2.4188 -0.0876 52 25 124
-1.5735 -2.5527 -0.0876 61 19 124
-1.3645 -2.6703 -0.0876 70 14 124
-1.1467 -2.7708 -0.0876 79 10 124
-0.9216 -2.8536 -0.0876 88 7 124
-0.6906 -2.9181 -0.0876 98 4 124
-0.4552 -2.9640 -0.0876 108 2 124
-0.2169 -2.9909 -0.0876 118 1 124
0.0228 -2.9986 -0.0876 128 1 124
0.2624 -2.9872 -0.0876 139 1 124
0.5003 -2.9567 -0.0876 149 2 124
0.7350 -2.9073 -0.0876 159 4 124
0.9649 -2.8392 -0.0876 168 7 124
1.1887 -2.7530 -0.0876 178 11 124
1.4050 -2.6492 -0.0876 187 15 124
1.6122 -2.5285 -0.0876 196 20 124
1.8091 -2.3916 -0.0876 204 26 124
1.9944 -2.2393 -0.0876 212 33 124
2.1670 -2.0728 -0.0876 219 40 124
2.3257 -1.8930 -0.0876 226 47 124
2.4695 -1.7011 -0.0876 232 55 124
2.5976 -1.4983 -0.0876 237 64 124
2.7090 -1.2859 -0.0876 242 73 124
2.8031 -1.0653 -0.0876 246 82 124
2.8793 -0.8379 -0.0876 249 92 124
2.9370 -0.6051 -0.0876 252 102 124
2.9760 -0.3685 -0.0876 253 112 124
2.9959 -0.1295 -0.0876 254 122 124
2.9821 0.0000 -0.3270 254 128 114
2.9726 0.2383 -0.3270 253 138 114
2.9440 0.4751 -0.3270 252 148 114
2.8967 0.7089 -0.3270 250 158 114
2.8307 0.9381 -0.3270 247 167 114
2.7467 1.1613 -0.3270 244 177 114
2.6451 1.3771 -0.3270 239 186 114
2.5266 1.5841 -0.3270 234 195 114
2.3920 1.7809 -0.3270 229 203 114
2.2420 1.9664 -0.3270 222 211 114
2.0777 2.1392 -0.3270 215 218 114
1.9001 2.2984 -0.3270 208 225 114
1.7103 2.4429 -0.3270 200 231 114
1.5096 2.5718 -0.3270 191 236 114
1.2993 2.6842 -0.3270 183 241 114
1.0806 2.7795 -0.3270 173 245 114
0.8550 2.8569 -0.3270 164 248 114
0.6240 2.9161 -0.3270 154 251 114
0.3889 2.9567 -0.3270 144 253 114
0.1514 2.9783 -0.3270 134 254 114
-0.0871 2.9809 -0.3270 124 254 114
-0.3250 2.9644 -0.3270 114 253 114
-0.5609 2.9289 -0.3270 104 251 114
-0.7931 2.8747 -0.3270 94 249 114
-1.0203 2.8021 -0.3270 84 246 114
-1.2410 2.7116 -0.3270 75 242 114
-1.4537 2.6038 -0.3270 66 238 114
-1.6572 2.4793 -0.3270 57 232 114
-1.8500 2.3389 -0.3270 49 227 114
-2.0310 2.1836 -0.3270 42 220 114
-2.1990 2.0143 -0.3270 34 213 114
-2.3529 1.8321 -0.3270 28 205 114
-2.4918 1.6382 -0.3270 22 197 114
-2.6148 1.4339 -0.3270 17 188 114
-2.7210 1.2203 -0.3270 12 179 114
-2.8098 0.9990 -0.3270 9 170 114
-2.8807 0.7712 -0.3270 6 160 114
-2.9331 0.5386 -0.3270 3 150 114
-2.9668 0.3024 -0.3270 2 140 114
-2.9814 0.0644 -0.3270 1 130 114
-2.9770 -0.1741 -0.3270 1 120 114
-2.9536 -0.4114 -0.3270 2 110 114
-2.9113 -0.6462 -0.3270 4 100 114
-2.8503 -0.8767 -0.3270 7 90 114
-2.7712 -1.1017 -0.3270 10 81 114
-2.6742 -1.3197 -0.3270 14 72 114
-2.5602 -1.5291 -0.3270 19 63 114
-2.4298 -1.7289 -0.3270 25 54 114
-2.2839 -1.9175 -0.3270 31 46 114
-2.1234 -2.0939 -0.3270 38 39 114
-1.9492 -2.2569 -0.3270 45 32 114
-1.7627 -2.4054 -0.3270 53 26 114
-1.5648 -2.5386 -0.3270 61 20 114
-1.3569 -2.6555 -0.3270 70 15 114
-1.1404 -2.7555 -0.3270 79 11 114
-0.9165 -2.8378 -0.3270 89 7 114
-0.6868 -2.9020 -0.3270 98 5 114
-0.4527 -2.9476 -0.3270 108 3 114
-0.2157 -2.9743 -0.3270 118 2 114
0.0227 -2.9820 -0.3270 128 1 114
0.2609 -2.9707 -0.3270 139 2 114
0.4975 -2.9403 -0.3270 149 3 114
0.7309 -2.8912 -0.3270 158 5 114
0.9596 -2.8235 -0.3270 168 8 114
1.1822 -2.7378 -0.3270 178 12 114
1.3972 -2.6346 -0.3270 187 16 114
1.6033 -2.5145 -0.3270 195 21 114
1.7991 -2.3783 -0.3270 204 27 114
1.9834 -2.2270 -0.3270 211 33 114
2.1550 -2.0613 -0.3270 219 40 114
2.3128 -1.8825 -0.3270 225 48 114
2.4559 -1.6917 -0.3270 231 56 114
2.5832 -1.4900 -0.3270 237 64 114
2.6940 -1.2788 -0.3270 242 73 114
2.7876 -1.0594 -0.3270 246 83 114
2.8634 -0.8333 -0.3270 249 92 114
2.9208 -0.6018 -0.3270 251 102 114
2.9595 -0.3664 -0.3270 253 112 114
2.9793 -0.1287 -0.3270 254 122 114
2.9465 0.0000 -0.5642 252 128 104
2.9370 0.2355 -0.5642 252 137 104
2.9088 0.4694 -0.5642 251 147 104
2.8620 0.7004 -0.5642 249 157 104
2.7969 0.9269 -0.5642 246 167 104
2.7139 1.1474 -0.5642 242 176 104
2.6135 1.3606 -0.5642 238 185 104
2.4964 1.5651 -0.5642 233 194 104
2.3633 1.7596 -0.5642 228 202 104
2.2152 1.9429 -0.5642 221 210 104
2.0528 2.1137 -0.5642 214 217 104
1.8773 2.2710 -0.5642 207 224 104
1.6899 2.4137 -0.5642 199 230 104
1.4916 2.5410 -0.5642 191 235 104
1.2837 2.6521 -0.5642 182 240 104
1.0677 2.7462 -0.5642 173 244 104
0.8448 2.8228 -0.5642 163 247 104
0.6165 2.8812 -0.5642 154 249 104
0.3843 2.9213 -0.5642 144 251 104
0.1496 2.9427 -0.5642 134 252 104
-0.0860 2.9452 -0.5642 124 252 104
-0.3211 2.9289 -0.5642 114 251 104
-0.5542 2.8939 -0.5642 104 250 104
-0.7837 2.8403 -0.5642 94 248 104
-1.0081 2.7686 -0.5642 85 245 104
-1.2262 2.6792 -0.5642 76 241 104
-1.4363 2.5727 -0.5642 67 236 104
-1.6373 2.4496 -0.5642 58 231 104
-1.8279 2.3110 -0.5642 50 225 104
-2.0067 2.1575 -0.5642 43 219 104
-2.1727 1.9902 -0.5642 36 212 104
-2.3248 1.8102 -0.5642 29 204 104
-2.4620 1.6187 -0.5642 23 196 104
-2.5835 1.4167 -0.5642 18 187 104
-2.6885 1.2057 -0.5642 14 179 104
-2.7762 0.9870 -0.5642 10 169 104
-2.8462 0.7620 -0.5642 7 160 104
-2.8980 0.5321 -0.5642 5 150 104
-2.9313 0.2988 -0.5642 3 140 104
-2.9458 0.0636 -0.5642 3 130 104
-2.9414 -0.1720 -0.5642 3 120 104
-2.9183 -0.4065 -0.5642 4 110 104
-2.8765 -0.6384 -0.5642 6 100 104
-2.8162 -0.8663 -0.5642 8 91 104
-2.7380 -1.0885 -0.5642 12 81 104
-2.6423 -1.3039 -0.5642 16 72 104
-2.5296 -1.5109 -0.5642 20 64 104
-2.4008 -1.7082 -0.5642 26 55 104
-2.2566 -1.8946 -0.5642 32 47 104
-2.0980 -2.0688 -0.5642 39 40 104
-1.9259 -2.2299 -0.5642 46 33 104
-1.7416 -2.3767 -0.5642 54 27 104
-1.5461 -2.5082 -0.5642 62 21 104
-1.3407 -2.6238 -0.5642 71 16 104
-1.1267 -2.7225 -0.5642 80 12 104
-0.9055 -2.8039 -0.5642 89 9 104
-0.6786 -2.8673 -0.5642 99 6 104
-0.4473 -2.9123 -0.5642 109 4 104
-0.2131 -2.9387 -0.5642 118 3 104
0.0224 -2.9464 -0.5642 128 3 104
0.2578 -2.9352 -0.5642 138 3 104
0.4916 -2.9052 -0.5642 148 5 104
0.7221 -2.8566 -0.5642 158 7 104
0.9481 -2.7898 -0.5642 168 9 104
1.1680 -2.7051 -0.5642 177 13 104
1.3805 -2.6031 -0.5642 186 17 104
1.5841 -2.4844 -0.5642 195 22 104
1.7776 -2.3499 -0.5642 203 28 104
1.9597 -2.2003 -0.5642 210 34 104
2.1292 -2.0367 -0.5642 218 41 104
2.2852 -1.8600 -0.5642 224 49 104
2.4265 -1.6714 -0.5642 230 57 104
2.5523 -1.4722 -0.5642 236 65 104
2.6618 -1.2635 -0.5642 240 74 104
2.7543 -1.0467 -0.5642 244 83 104
2.8291 -0.8233 -0.5642 247 93 104
2.8859 -0.5946 -0.5642 250 102 104
2.9241 -0.3620 -0.5642 251 112 104
2.9437 -0.1272 -0.5642 252 122 104
2.8919 0.0000 -0.7979 250 128 94
2.8827 0.2311 -0.7979 250 137 94
2.8550 0.4607 -0.7979 248 147 94
2.8091 0.6874 -0.7979 246 157 94
2.7451 0.9097 -0.7979 244 166 94
2.6637 1.1262 -0.7979 240 175 94
2.5651 1.3354 -0.7979 236 184 94
2.4502 1.5362 -0.7979 231 193 94
2.3196 1.7271 -0.7979 226 201 94
2.1742 1.9069 -0.7979 220 208 94
2.0148 2.0746 -0.7979 213 215 94
1.8426 2.2289 -0.7979 206 222 94
1.6586 2.3691 -0.7979 198 228 94
1.4640 2.4940 -0.7979 189 233 94
1.2600 2.6030 -0.7979 181 238 94
1.0479 2.6954 -0.7979 172 242 94
0.8292 2.7705 -0.7979 163 245 94
0.6051 2.8279 -0.7979 153 247 94
0.3772 2.8672 -0.7979 143 249 94
0.1468 2.8882 -0.7979 134 250 94
-0.0844 2.8907 -0.7979 124 250 94
-0.3152 2.8747 -0.7979 114 249 94
-0.5439 2.8403 -0.7979 104 248 94
-0.7692 2.7878 -0.7979 95 246 94
-0.9895 2.7174 -0.7979 86 243 94
-1.2035 2.6296 -0.7979 77 239 94
-1.4098 2.5251 -0.7979 68 234 94
-1.6071 2.4043 -0.7979 59 229 94
-1.7941 2.2682 -0.7979 52 224 94
-1.9696 2.1176 -0.7979 44 217 94
-2.1325 1.9534 -0.7979 37 210 94
-2.2818 1.7767 -0.7979 31 203 94
-2.4165 1.5887 -0.7979 25 195 94
-2.5357 1.3905 -0.7979 20 186 94
-2.6387 1.1834 -0.7979 16 178 94
-2.7249 0.9688 -0.7979 12 169 94
-2.7936 0.7479 -0.7979 9 159 94
-2.8444 0.5223 -0.7979 7 150 94
-2.8770 0.2933 -0.7979 6 140 94
-2.8913 0.0624 -0.7979 5 130 94
-2.8870 -0.1688 -0.7979 5 120 94
-2.8643 -0.3990 -0.7979 6 111 94
-2.8232 -0.6266 -0.7979 8 101 94
-2.7641 -0.8502 -0.7979 10 92 94
-2.6874 -1.0684 -0.7979 14 82 94
-2.5934 -1.2797 -0.7979 18 73 94
-2.4828 -1.4829 -0.7979 22 65 94
-2.3564 -1.6766 -0.7979 28 57 94
-2.2148 -1.8595 -0.7979 34 49 94
-2.0592 -2.0306 -0.7979 40 42 94
-1.8903 -2.1886 -0.7979 47 35 94
-1.7094 -2.3327 -0.7979 55 29 94
-1.5175 -2.4618 -0.7979 63 23 94
-1.3159 -2.5752 -0.7979 72 18 94
-1.1059 -2.6722 -0.7979 81 14 94
-0.8888 -2.7520 -0.7979 90 11 94
-0.6660 -2.8142 -0.7979 99 8 94
-0.4390 -2.8584 -0.7979 109 6 94
-0.2092 -2.8844 -0.7979 119 5 94
0.0220 -2.8919 -0.7979 128 5 94
0.2530 -2.8809 -0.7979 138 6 94
0.4825 -2.8514 -0.7979 148 7 94
0.7088 -2.8037 -0.7979 158 9 94
0.9306 -2.7381 -0.7979 167 12 94
1.1464 -2.6550 -0.7979 176 15 94
1.3549 -2.5549 -0.7979 185 19 94
1.5548 -2.4385 -0.7979 193 24 94
1.7447 -2.3064 -0.7979 201 30 94
1.9234 -2.1596 -0.7979 209 36 94
2.0898 -1.9990 -0.7979 216 43 94
2.2429 -1.8256 -0.7979 222 50 94
2.3816 -1.6405 -0.7979 228 58 94
2.5051 -1.4449 -0.7979 234 66 94
2.6126 -1.2401 -0.7979 238 75 94
2.7033 -1.0274 -0.7979 242 84 94
2.7768 -0.8081 -0.7979 245 93 94
2.8325 -0.5836 -0.7979 247 103 94
2.8700 -0.3553 -0.7979 249 112 94
2.8893 -0.1249 -0.7979 250 122 94
2.8189 0.0000 -1.0264 247 128 84
2.8099 0.2253 -1.0264 246 137 84
2.7829 0.4491 -1.0264 245 147 84
2.7381 0.6701 -1.0264 243 156 84
2.6758 0.8867 -1.0264 241 165 84
2.5964 1.0977 -1.0264 237 174 84
2.5004 1.3017 -1.0264 233 183 84
2.3884 1.4974 -1.0264 229 191 84
2.2611 1.6835 -1.0264 223 199 84
2.1193 1.8588 -1.0264 217 206 84
1.9640 2.0222 -1.0264 211 213 84
1.7961 2.1727 -1.0264 204 219 84
1.6167 2.3092 -1.0264 196 225 84
1.4270 2.4311 -1.0264 188 230 84
1.2282 2.5373 -1.0264 179 235 84
1.0215 2.6274 -1.0264 171 239 84
0.8082 2.7006 -1.0264 162 242 84
0.5898 2.7565 -1.0264 152 244 84
0.3677 2.7949 -1.0264 143 246 84
0.1431 2.8153 -1.0264 134 247 84
-0.0823 2.8177 -1.0264 124 247 84
-0.3072 2.8021 -1.0264 114 246 84
-0.5302 2.7686 -1.0264 105 245 84
-0.7497 2.7174 -1.0264 96 243 84
-0.9645 2.6488 -1.0264 87 240 84
-1.1731 2.5633 -1.0264 78 236 84
-1.3742 2.4613 -1.0264 69 232 84
-1.5665 2.3436 -1.0264 61 227 84
-1.7488 2.2109 -1.0264 53 221 84
-1.9199 2.0641 -1.0264 46 215 84
-2.0787 1.9041 -1.0264 40 208 84
-2.2242 1.7319 -1.0264 33 201 84
-2.3555 1.5486 -1.0264 28 193 84
-2.4717 1.3554 -1.0264 23 185 84
-2.5721 1.1535 -1.0264 19 176 84
-2.6561 0.9443 -1.0264 15 167 84
-2.7230 0.7290 -1.0264 12 158 84
-2.7726 0.5091 -1.0264 10 149 84
-2.8044 0.2859 -1.0264 9 140 84
-2.8183 0.0609 -1.0264 8 130 84
-2.8141 -0.1646 -1.0264 8 121 84
-2.7920 -0.3889 -1.0264 9 111 84
-2.7520 -0.6108 -1.0264 11 102 84
-2.6944 -0.8288 -1.0264 13 92 84
-2.6195 -1.0414 -1.0264 17 83 84
-2.5279 -1.2474 -1.0264 20 75 84
-2.4201 -1.4455 -1.0264 25 66 84
-2.2969 -1.6342 -1.0264 30 58 84
-2.1589 -1.8126 -1.0264 36 51 84
-2.0072 -1.9793 -1.0264 43 44 84
-1.8426 -2.1334 -1.0264 49 37 84
-1.6662 -2.2738 -1.0264 57 31 84
-1.4792 -2.3997 -1.0264 65 26 84
-1.2827 -2.5102 -1.0264 73 21 84
-1.0780 -2.6047 -1.0264 82 17 84
-0.8664 -2.6825 -1.0264 91 14 84
-0.6492 -2.7432 -1.0264 100 11 84
-0.4279 -2.7863 -1.0264 109 10 84
-0.2039 -2.8116 -1.0264 119 8 84
0.0215 -2.8189 -1.0264 128 8 84
0.2467 -2.8081 -1.0264 138 9 84
0.4703 -2.7794 -1.0264 147 10 84
0.6909 -2.7330 -1.0264 157 12 84
0.9071 -2.6690 -1.0264 166 15 84
1.1175 -2.5880 -1.0264 175 18 84
1.3207 -2.4904 -1.0264 183 22 84
1.5155 -2.3769 -1.0264 192 27 84
1.7006 -2.2482 -1.0264 199 32 84
1.8748 -2.1051 -1.0264 207 38 84
2.0371 -1.9485 -1.0264 214 45 84
2.1863 -1.7795 -1.0264 220 52 84
2.3215 -1.5991 -1.0264 226 60 84
2.4419 -1.4085 -1.0264 231 68 84
2.5466 -1.2088 -1.0264 235 76 84
2.6351 -1.0014 -1.0264 239 85 84
2.7067 -0.7877 -1.0264 242 94 84
2.7609 -0.5688 -1.0264 244 103 84
2.7976 -0.3464 -1.0264 246 113 84
2.8163 -0.1217 -1.0264 247 122 84
2.7279 0.0000 -1.2484 243 128 75
2.7192 0.2180 -1.2484 243 137 75
2.6930 0.4346 -1.2484 242 146 75
2.6497 0.6484 -1.2484 240 155 75
2.5894 0.8581 -1.2484 237 164 75
2.5126 1.0623 -1.2484 234 172 75
2.4196 1.2597 -1.2484 230 181 75
2.3112 1.4490 -1.2484 225 189 75
2.1880 1.6291 -1.2484 220 196 75
2.0508 1.7987 -1.2484 214 204 75
1.9005 1.9569 -1.2484 208 210 75
1.7381 2.1025 -1.2484 201 217 75
1.5645 2.2347 -1.2484 194 222 75
1.3809 2.3525 -1.2484 186 227 75
1.1885 2.4554 -1.2484 178 231 75
0.9885 2.5425 -1.2484 169 235 75
0.7821 2.6134 -1.2484 161 238 75
0.5708 2.6675 -1.2484 152 240 75
0.3558 2.7046 -1.2484 143 242 75
0.1385 2.7244 -1.2484 133 243 75
-0.0797 2.7267 -1.2484 124 243 75
-0.2973 2.7116 -1.2484 115 242 75
-0.5131 2.6792 -1.2484 106 241 75
-0.7255 2.6296 -1.2484 97 239 75
-0.9333 2.5633 -1.2484 88 236 75
-1.1352 2.4805 -1.2484 79 233 75
-1.3298 2.3818 -1.2484 71 228 75
-1.5159 2.2679 -1.2484 63 224 75
-1.6923 2.1395 -1.2484 56 218 75
-1.8578 1.9974 -1.2484 49 212 75
-2.0115 1.8426 -1.2484 42 206 75
-2.1523 1.6759 -1.2484 36 198 75
-2.2794 1.4986 -1.2484 31 191 75
-2.3919 1.3116 -1.2484 26 183 75
-2.4890 1.1163 -1.2484 22 175 75
-2.5703 0.9138 -1.2484 19 166 75
-2.6351 0.7055 -1.2484 16 157 75
-2.6830 0.4926 -1.2484 14 148 75
-2.7138 0.2767 -1.2484 13 139 75
-2.7273 0.0589 -1.2484 12 130 75
-2.7232 -0.1592 -1.2484 12 121 75
-2.7018 -0.3764 -1.2484 13 112 75
-2.6631 -0.5911 -1.2484 15 102 75
-2.6073 -0.8020 -1.2484 17 94 75
-2.5349 -1.0078 -1.2484 20 85 75
-2.4463 -1.2071 -1.2484 24 76 75
-2.3420 -1.3988 -1.2484 28 68 75
-2.2227 -1.5815 -1.2484 33 61 75
-2.0892 -1.7540 -1.2484 39 53 75
-1.9423 -1.9154 -1.2484 45 46 75
-1.7831 -2.0645 -1.2484 52 40 75
-1.6124 -2.2004 -1.2484 59 34 75
-1.4314 -2.3222 -1.2484 67 29 75
-1.2412 -2.4291 -1.2484 75 25 75
-1.0431 -2.5206 -1.2484 83 21 75
-0.8384 -2.5959 -1.2484 92 18 75
-0.6282 -2.6546 -1.2484 101 15 75
-0.4141 -2.6963 -1.2484 110 13 75
-0.1973 -2.7207 -1.2484 119 12 75
0.0208 -2.7278 -1.2484 128 12 75
0.2387 -2.7174 -1.2484 138 12 75
0.4551 -2.6897 -1.2484 147 14 75
0.6686 -2.6447 -1.2484 156 16 75
0.8778 -2.5828 -1.2484 165 18 75
1.0814 -2.5044 -1.2484 173 21 75
1.2781 -2.4100 -1.2484 182 25 75
1.4666 -2.3001 -1.2484 190 30 75
1.6457 -2.1756 -1.2484 197 35 75
1.8143 -2.0371 -1.2484 204 41 75
1.9713 -1.8856 -1.2484 211 48 75
2.1157 -1.7220 -1.2484 217 55 75
2.2465 -1.5474 -1.2484 223 62 75
2.3630 -1.3630 -1.2484 228 70 75
2.4644 -1.1698 -1.2484 232 78 75
2.5500 -0.9691 -1.2484 235 86 75
2.6192 -0.7622 -1.2484 238 95 75
2.6718 -0.5505 -1.2484 241 104 75
2.7072 -0.3352 -1.2484 242 113 75
2.7253 -0.1178 -1.2484 243 123 75
2.6194 0.0000 -1.4624 238 128 66
2.6110 0.2093 -1.4624 238 136 66
2.5859 0.4173 -1.4624 237 145 66
2.5443 0.6226 -1.4624 235 154 66
2.4864 0.8240 -1.4624 233 162 66
2.4126 1.0200 -1.4624 230 171 66
2.3234 1.2096 -1.4624 226 179 66
2.2193 1.3914 -1.4624 221 186 66
2.1010 1.5643 -1.4624 216 194 66
1.9693 1.7272 -1.4624 211 201 66
1.8250 1.8790 -1.4624 205 207 66
1.6690 2.0189 -1.4624 198 213 66
1.5023 2.1458 -1.4624 191 218 66
1.3260 2.2590 -1.4624 184 223 66
1.1412 2.3577 -1.4624 176 227 66
0.9492 2.4414 -1.4624 168 231 66
0.7510 2.5094 -1.4624 159 234 66
0.5481 2.5614 -1.4624 151 236 66
0.3416 2.5970 -1.4624 142 237 66
0.1330 2.6160 -1.4624 133 238 66
-0.0765 2.6183 -1.4624 124 238 66
-0.2855 2.6038 -1.4624 115 238 66
-0.4926 2.5727 -1.4624 107 236 66
-0.6967 2.5251 -1.4624 98 234 66
-0.8962 2.4613 -1.4624 90 232 66
-1.0901 2.3818 -1.4624 81 228 66
-1.2769 2.2871 -1.4624 73 224 66
-1.4556 2.1777 -1.4624 66 220 66
-1.6250 2.0544 -1.4624 59 214 66
-1.7840 1.9180 -1.4624 52 209 66
-1.9315 1.7693 -1.4624 46 202 66
-2.0667 1.6093 -1.4624 40 196 66
-2.1887 1.4390 -1.4624 35 188 66
-2.2967 1.2595 -1.4624 30 181 66
-2.3900 1.0719 -1.4624 26 173 66
-2.4681 0.8775 -1.4624 23 165 66
-2.5303 0.6774 -1.4624 20 156 66
-2.5763 0.4731 -1.4624 18 148 66
-2.6059 0.2657 -1.4624 17 139 66
-2.6188 0.0566 -1.4624 17 130 66
-2.6149 -0.1529 -1.4624 17 121 66
-2.5943 -0.3614 -1.4624 18 112 66
-2.5572 -0.5676 -1.4624 19 103 66
-2.5036 -0.7701 -1.4624 22 95 66
-2.4341 -0.9677 -1.4624 24 87 66
-2.3490 -1.1591 -1.4624 28 78 66
-2.2488 -1.3431 -1.4624 32 71 66
-2.1343 -1.5186 -1.4624 37 63 66
-2.0061 -1.6843 -1.4624 43 56 66
-1.8651 -1.8392 -1.4624 49 50 66
-1.7122 -1.9824 -1.4624 55 44 66
-1.5483 -2.1129 -1.4624 62 38 66
-1.3745 -2.2298 -1.4624 69 33 66
-1.1919 -2.3325 -1.4624 77 29 66
-1.0017 -2.4203 -1.4624 85 25 66
-0.8050 -2.4926 -1.4624 93 22 66
-0.6033 -2.5490 -1.4624 102 20 66
-0.3976 -2.5890 -1.4624 111 18 66
-0.1895 -2.6125 -1.4624 119 17 66
0.0199 -2.6193 -1.4624 128 17 66
0.2292 -2.6094 -1.4624 137 17 66
0.4370 -2.5827 -1.4624 146 18 66
0.6420 -2.5395 -1.4624 155 20 66
0.8429 -2.4801 -1.4624 163 23 66
1.0384 -2.4048 -1.4624 171 26 66
1.2272 -2.3141 -1.4624 179 30 66
1.4082 -2.2086 -1.4624 187 34 66
1.5802 -2.0890 -1.4624 194 39 66
1.7421 -1.9561 -1.4624 201 45 66
1.8929 -1.8106 -1.4624 208 51 66
2.0315 -1.6535 -1.4624 214 58 66
2.1572 -1.4859 -1.4624 219 65 66
2.2690 -1.3088 -1.4624 224 72 66
2.3663 -1.1232 -1.4624 228 80 66
2.4485 -0.9306 -1.4624 231 88 66
2.5151 -0.7319 -1.4624 234 97 66
2.5655 -0.5286 -1.4624 236 105 66
2.5995 -0.3219 -1.4624 238 114 66
2.6170 -0.1131 -1.4624 238 123 66
2.4942 0.0000 -1.6671 233 128 57
2.4862 0.1993 -1.6671 233 136 57
2.4623 0.3974 -1.6671 232 144 57
2.4227 0.5929 -1.6671 230 153 57
2.3675 0.7846 -1.6671 228 161 57
2.2973 0.9713 -1.6671 225 169 57
2.2123 1.1517 -1.6671 221 176 57
2.1132 1.3249 -1.6671 217 184 57
2.0005 1.4895 -1.6671 212 191 57
1.8751 1.6446 -1.6671 207 197 57
1.7377 1.7892 -1.6671 201 203 57
1.5892 1.9223 -1.6671 195 209 57
1.4304 2.0432 -1.6671 188 214 57
1.2626 2.1510 -1.6671 181 219 57
1.0867 2.2450 -1.6671 174 223 57
0.9038 2.3246 -1.6671 166 226 57
0.7151 2.3894 -1.6671 158 229 57
0.5219 2.4389 -1.6671 150 231 57
0.3253 2.4728 -1.6671 141 232 57
0.1266 2.4909 -1.6671 133 233 57
-0.0728 2.4931 -1.6671 124 233 57
-0.2718 2.4793 -1.6671 116 232 57
-0.4691 2.4496 -1.6671 108 231 57
-0.6634 2.4043 -1.6671 99 229 57
-0.8534 2.3436 -1.6671 91 227 57
-1.0379 2.2679 -1.6671 84 224 57
-1.2159 2.1777 -1.6671 76 220 57
-1.3860 2.0736 -1.6671 69 215 57
-1.5473 1.9562 -1.6671 62 210 57
-1.6987 1.8263 -1.6671 56 205 57
-1.8392 1.6847 -1.6671 50 199 57
-1.9679 1.5323 -1.6671 44 192 57
-2.0841 1.3702 -1.6671 39 186 57
-2.1869 1.1992 -1.6671 35 178 57
-2.2758 1.0206 -1.6671 31 171 57
-2.3500 0.8355 -1.6671 28 163 57
-2.4093 0.6450 -1.6671 26 155 57
-2.4531 0.4504 -1.6671 24 147 57
-2.4813 0.2530 -1.6671 22 138 57
-2.4936 0.0539 -1.6671 22 130 57
-2.4899 -0.1456 -1.6671 22 121 57
-2.4703 -0.3441 -1.6671 23 113 57
-2.4349 -0.5404 -1.6671 24 105 57
-2.3839 -0.7333 -1.6671 27 96 57
-2.3177 -0.9214 -1.6671 29 88 57
-2.2367 -1.1037 -1.6671 33 81 57
-2.1413 -1.2789 -1.6671 37 73 57
-2.0322 -1.4460 -1.6671 41 66 57
-1.9102 -1.6037 -1.6671 47 60 57
-1.7759 -1.7513 -1.6671 52 53 57
-1.6303 -1.8876 -1.6671 58 48 57
-1.4742 -2.0118 -1.6671 65 42 57
-1.3087 -2.1232 -1.6671 72 38 57
-1.1349 -2.2210 -1.6671 79 33 57
-0.9538 -2.3046 -1.6671 87 30 57
-0.7665 -2.3734 -1.6671 95 27 57
-0.5744 -2.4271 -1.6671 103 25 57
-0.3786 -2.4652 -1.6671 111 23 57
-0.1804 -2.4876 -1.6671 120 22 57
0.0190 -2.4941 -1.6671 128 22 57
0.2182 -2.4846 -1.6671 137 22 57
0.4161 -2.4592 -1.6671 145 23 57
0.6113 -2.4181 -1.6671 153 25 57
0.8026 -2.3615 -1.6671 161 28 57
0.9887 -2.2898 -1.6671 169 31 57
1.1686 -2.2035 -1.6671 177 34 57
1.3409 -2.1030 -1.6671 184 38 57
1.5047 -1.9892 -1.6671 191 43 57
1.6588 -1.8625 -1.6671 198 49 57
1.8024 -1.7240 -1.6671 204 55 57
1.9344 -1.5745 -1.6671 209 61 57
2.0540 -1.4149 -1.6671 214 68 57
2.1605 -1.2462 -1.6671 219 75 57
2.2532 -1.0695 -1.6671 223 82 57
2.3315 -0.8861 -1.6671 226 90 57
2.3948 -0.6969 -1.6671 229 98 57
2.4428 -0.5033 -1.6671 231 106 57
2.4753 -0.3065 -1.6671 232 115 57
2.4918 -0.1077 -1.6671 233 123 57
2.3529 0.0000 -1.8611 227 128 49
2.3454 0.1880 -1.8611 227 135 49
2.3229 0.3749 -1.8611 226 143 49
2.2855 0.5593 -1.8611 224 151 49
2.2335 0.7402 -1.8611 222 159 49
2.1672 0.9163 -1.8611 219 166 49
2.0871 1.0865 -1.8611 216 173 49
1.9935 1.2499 -1.8611 212 180 49
1.8873 1.4052 -1.8611 207 187 49
1.7690 1.5515 -1.8611 202 193 49
1.6393 1.6879 -1.8611 197 199 49
1.4992 1.8135 -1.8611 191 204 49
1.3495 1.9275 -1.8611 185 209 49
1.1911 2.0292 -1.8611 178 213 49
1.0251 2.1179 -1.8611 171 217 49
0.8526 2.1930 -1.8611 164 220 49
0.6746 2.2542 -1.8611 156 223 49
0.4923 2.3009 -1.8611 148 225 49
0.3069 2.3328 -1.8611 140 226 49
0.1195 2.3499 -1.8611 133 227 49
-0.0687 2.3519 -1.8611 125 227 49
-0.2564 2.3389 -1.8611 117 227 49
-0.4425 2.3110 -1.8611 109 225 49
-0.6258 2.2682 -1.8611 101 224 49
-0.8051 2.2109 -1.8611 93 221 49
-0.9792 2.1395 -1.8611 86 218 49
-1.1470 2.0544 -1.8611 79 214 49
-1.3075 1.9562 -1.8611 72 210 49
-1.4597 1.8455 -1.8611 66 206 49
-1.6025 1.7229 -1.8611 60 200 49
-1.7350 1.5893 -1.8611 54 195 49
-1.8565 1.4456 -1.8611 49 189 49
-1.9661 1.2926 -1.8611 44 182 49
-2.0631 1.1314 -1.8611 40 175 49
-2.1469 0.9629 -1.8611 37 168 49
-2.2170 0.7882 -1.8611 34 161 49
-2.2729 0.6085 -1.8611 31 153 49
-2.3143 0.4249 -1.8611 30 145 49
-2.3408 0.2386 -1.8611 28 138 49
-2.3524 0.0508 -1.8611 28 130 49
-2.3489 -0.1374 -1.8611 28 122 49
-2.3304 -0.3246 -1.8611 29 114 49
-2.2971 -0.5098 -1.8611 30 106 49
-2.2490 -0.6918 -1.8611 32 98 49
-2.1865 -0.8693 -1.8611 35 91 49
-2.1100 -1.0412 -1.8611 38 83 49
-2.0201 -1.2065 -1.8611 42 76 49
-1.9172 -1.3641 -1.8611 46 70 49
-1.8020 -1.5129 -1.8611 51 63 49
-1.6754 -1.6521 -1.8611 57 58 49
-1.5380 -1.7807 -1.8611 62 52 49
-1.3908 -1.8979 -1.8611 69 47 49
-1.2346 -2.0030 -1.8611 75 43 49
-1.0706 -2.0953 -1.8611 82 39 49
-0.8998 -2.1741 -1.8611 89 35 49
-0.7231 -2.2391 -1.8611 97 33 49
-0.5419 -2.2897 -1.8611 105 31 49
-0.3572 -2.3257 -1.8611 112 29 49
-0.1702 -2.3468 -1.8611 120 28 49
0.0179 -2.3529 -1.8611 128 28 49
0.2059 -2.3439 -1.8611 136 28 49
0.3925 -2.3200 -1.8611 144 29 49
0.5767 -2.2812 -1.8611 152 31 49
0.7571 -2.2278 -1.8611 160 33 49
0.9327 -2.1602 -1.8611 167 36 49
1.1024 -2.0787 -1.8611 174 40 49
1.2650 -1.9840 -1.8611 181 44 49
1.4195 -1.8765 -1.8611 188 48 49
1.5649 -1.7571 -1.8611 194 53 49
1.7003 -1.6264 -1.8611 199 59 49
1.8249 -1.4853 -1.8611 205 65 49
1.9377 -1.3348 -1.8611 210 71 49
2.0382 -1.1756 -1.8611 214 78 49
2.1256 -1.0090 -1.8611 217 85 49
2.1995 -0.8359 -1.8611 221 92 49
2.2592 -0.6575 -1.8611 223 100 49
2.3045 -0.4748 -1.8611 225 107 49
2.3351 -0.2891 -1.8611 226 115 49
2.3508 -0.1016 -1.8611 227 123 49
2.1967 0.0000 -2.0432 220 128 41
2.1897 0.1755 -2.0432 220 135 41
2.1686 0.3500 -2.0432 219 142 41
2.1337 0.5222 -2.0432 218 150 41
2.0852 0.6910 -2.0432 216 157 41
2.0233 0.8554 -2.0432 213 164 41
1.9485 1.0144 -2.0432 210 170 41
1.8612 1.1669 -2.0432 206 177 41
1.7620 1.3119 -2.0432 202 183 41
1.6515 1.4485 -2.0432 197 189 41
1.5305 1.5758 -2.0432 192 194 41
1.3996 1.6931 -2.0432 187 199 41
1.2598 1.7995 -2.0432 181 204 41
1.1120 1.8944 -2.0432 175 208 41
0.9571 1.9772 -2.0432 168 211 41
0.7960 2.0474 -2.0432 161 214 41
0.6298 2.1045 -2.0432 154 217 41
0.4596 2.1481 -2.0432 147 218 41
0.2865 2.1779 -2.0432 140 220 41
0.1115 2.1939 -2.0432 132 220 41
-0.0641 2.1958 -2.0432 125 220 41
-0.2394 2.1836 -2.0432 117 220 41
-0.4131 2.1575 -2.0432 110 219 41
-0.5842 2.1176 -2.0432 103 217 41
-0.7516 2.0641 -2.0432 96 215 41
-0.9141 1.9974 -2.0432 89 212 41
-1.0708 1.9180 -2.0432 82 209 41
-1.2207 1.8263 -2.0432 76 205 41
-1.3627 1.7229 -2.0432 70 200 41
-1.4961 1.6085 -2.0432 64 196 41
-1.6198 1.4838 -2.0432 59 190 41
-1.7332 1.3496 -2.0432 54 185 41
-1.8355 1.2068 -2.0432 50 179 41
-1.9261 1.0562 -2.0432 46 172 41
-2.0043 0.8989 -2.0432 43 166 41
-2.0698 0.7359 -2.0432 40 159 41
-2.1220 0.5681 -2.0432 38 152 41
-2.1606 0.3967 -2.0432 36 144 41
-2.1854 0.2228 -2.0432 35 137 41
-2.1962 0.0474 -2.0432 35 130 41
-2.1929 -0.1282 -2.0432 35 122 41
-2.1757 -0.3031 -2.0432 35 115 41
-2.1445 -0.4760 -2.0432 37 107 41
-2.0996 -0.6458 -2.0432 39 100 41
-2.0413 -0.8115 -2.0432 41 93 41
-1.9699 -0.9721 -2.0432 44 86 41
-1.8859 -1.1264 -2.0432 48 80 41
-1.7899 -1.2735 -2.0432 52 74 41
-1.6824 -1.4125 -2.0432 56 68 41
-1.5641 -1.5424 -2.0432 61 62 41
-1.4359 -1.6625 -2.0432 67 57 41
-1.2984 -1.7719 -2.0432 73 52 41
-1.1527 -1.8700 -2.0432 79 48 41
-0.9995 -1.9561 -2.0432 85 45 41
-0.8400 -2.0297 -2.0432 92 42 41
-0.6751 -2.0904 -2.0432 99 39 41
-0.5059 -2.1376 -2.0432 106 37 41
-0.3335 -2.1712 -2.0432 113 36 41
-0.1589 -2.1909 -2.0432 121 35 41
0.0167 -2.1966 -2.0432 128 35 41
0.1922 -2.1883 -2.0432 136 35 41
0.3665 -2.1659 -2.0432 143 36 41
0.5384 -2.1297 -2.0432 150 37 41
0.7069 -2.0799 -2.0432 157 39 41
0.8708 -2.0167 -2.0432 164 42 41
1.0292 -1.9407 -2.0432 171 45 41
1.1810 -1.8522 -2.0432 177 49 41
1.3252 -1.7519 -2.0432 184 53 41
1.4610 -1.6404 -2.0432 189 58 41
1.5874 -1.5184 -2.0432 195 63 41
1.7037 -1.3867 -2.0432 200 69 41
1.8090 -1.2461 -2.0432 204 75 41
1.9028 -1.0976 -2.0432 208 81 41
1.9845 -0.9420 -2.0432 212 88 41
2.0534 -0.7804 -2.0432 214 94 41
2.1092 -0.6138 -2.0432 217 102 41
2.1515 -0.4433 -2.0432 219 109 41
2.1800 -0.2699 -2.0432 220 116 41
2.1946 -0.0948 -2.0432 220 123 41
2.0264 0.0000 -2.2122 213 128 34
2.0199 0.1619 -2.2122 213 134 34
2.0005 0.3228 -2.2122 212 141 34
1.9683 0.4817 -2.2122 211 148 34
1.9235 0.6374 -2.2122 209 154 34
1.8664 0.7891 -2.2122 207 161 34
1.7974 0.9357 -2.2122 204 167 34
1.7169 1.0764 -2.2122 200 173 34
1.6254 1.2102 -2.2122 196 179 34
1.5235 1.3362 -2.2122 192 184 34
1.4118 1.4536 -2.2122 187 189 34
1.2911 1.5618 -2.2122 182 194 34
1.1622 1.6600 -2.2122 177 198 34
1.0258 1.7476 -2.2122 171 201 34
0.8829 1.8240 -2.2122 165 205 34
0.7343 1.8887 -2.2122 159 207 34
0.5810 1.9413 -2.2122 152 210 34
0.4240 1.9815 -2.2122 145 211 34
0.2643 2.0091 -2.2122 139 213 34
0.1029 2.0238 -2.2122 132 213 34
-0.0592 2.0255 -2.2122 125 213 34
-0.2208 2.0143 -2.2122 118 213 34
-0.3811 1.9902 -2.2122 111 212 34
-0.5389 1.9534 -2.2122 105 210 34
-0.6933 1.9041 -2.2122 98 208 34
-0.8433 1.8426 -2.2122 92 206 34
-0.9878 1.7693 -2.2122 86 202 34
-1.1261 1.6847 -2.2122 80 199 34
-1.2571 1.5893 -2.2122 74 195 34
-1.3801 1.4838 -2.2122 69 190 34
-1.4942 1.3688 -2.2122 64 185 34
-1.5989 1.2450 -2.2122 60 180 34
-1.6932 1.1132 -2.2122 56 175 34
-1.7768 0.9743 -2.2122 52 169 34
-1.8490 0.8292 -2.2122 49 163 34
-1.9093 0.6788 -2.2122 47 156 34
-1.9575 0.5241 -2.2122 45 150 34
-1.9931 0.3660 -2.2122 43 143 34
-2.0159 0.2055 -2.2122 42 136 34
-2.0259 0.0438 -2.2122 42 129 34
-2.0229 -0.1183 -2.2122 42 122 34
-2.0070 -0.2796 -2.2122 43 116 34
-1.9783 -0.4391 -2.2122 44 109 34
-1.9368 -0.5958 -2.2122 46 102 34
-1.8830 -0.7486 -2.2122 48 96 34
-1.8172 -0.8967 -2.2122 51 90 34
-1.7397 -1.0391 -2.2122 54 84 34
-1.6511 -1.1748 -2.2122 58 78 34
-1.5519 -1.3030 -2.2122 62 72 34
-1.4429 -1.4228 -2.2122 66 67 34
-1.3245 -1.5336 -2.2122 71 63 34
-1.1977 -1.6345 -2.2122 77 58 34
-1.0633 -1.7250 -2.2122 82 54 34
-0.9220 -1.8045 -2.2122 88 51 34
-0.7749 -1.8724 -2.2122 95 48 34
-0.6228 -1.9283 -2.2122 101 46 34
-0.4667 -1.9719 -2.2122 108 44 34
-0.3076 -2.0029 -2.2122 114 43 34
-0.1466 -2.0211 -2.2122 121 42 34
0.0154 -2.0263 -2.2122 128 42 34
0.1773 -2.0186 -2.2122 135 42 34
0.3381 -1.9980 -2.2122 142 43 34
0.4966 -1.9646 -2.2122 149 44 34
0.6521 -1.9186 -2.2122 155 46 34
0.8033 -1.8604 -2.2122 162 49 34
0.9494 -1.7902 -2.2122 168 52 34
1.0894 -1.7086 -2.2122 174 55 34
1.2225 -1.6161 -2.2122 179 59 34
1.3477 -1.5132 -2.2122 185 63 34
1.4643 -1.4007 -2.2122 189 68 34
1.5716 -1.2792 -2.2122 194 73 34
1.6688 -1.1495 -2.2122 198 79 34
1.7553 -1.0125 -2.2122 202 85 34
1.8306 -0.8690 -2.2122 205 91 34
1.8942 -0.7199 -2.2122 208 97 34
1.9457 -0.5662 -2.2122 210 104 34
1.9847 -0.4089 -2.2122 212 110 34
2.0110 -0.2490 -2.2122 213 117 34
2.0245 -0.0875 -2.2122 213 124 34
1.8431 0.0000 -2.3670 206 128 27
1.8372 0.1473 -2.3670 205 134 27
1.8196 0.2936 -2.3670 205 140 27
1.7903 0.4381 -2.3670 203 146 27
1.7496 0.5798 -2.3670 202 152 27
1.6976 0.7177 -2.3670 199 158 27
1.6348 0.8511 -2.3670 197 164 27
1.5616 0.9790 -2.3670 194 169 27
1.4784 1.1007 -2.3670 190 174 27
1.3857 1.2153 -2.3670 186 179 27
1.2841 1.3222 -2.3670 182 183 27
1.1743 1.4206 -2.3670 177 188 27
1.0571 1.5099 -2.3670 172 191 27
0.9330 1.5895 -2.3670 167 195 27
0.8030 1.6590 -2.3670 161 198 27
0.6679 1.7179 -2.3670 156 200 27
0.5285 1.7657 -2.3670 150 202 27
0.3857 1.8023 -2.3670 144 204 27
0.2404 1.8274 -2.3670 138 205 27
0.0936 1.8407 -2.3670 131 205 27
-0.0538 1.8423 -2.3670 125 205 27
-0.2009 1.8321 -2.3670 119 205 27
-0.3466 1.8102 -2.3670 113 204 27
-0.4902 1.7767 -2.3670 107 203 27
-0.6306 1.7319 -2.3670 101 201 27
-0.7670 1.6759 -2.3670 95 198 27
-0.8985 1.6093 -2.3670 89 196 27
-1.0242 1.5323 -2.3670 84 192 27
-1.1434 1.4456 -2.3670 79 189 27
-1.2553 1.3496 -2.3670 74 185 27
-1.3591 1.2450 -2.3670 70 180 27
-1.4543 1.1324 -2.3670 66 175 27
-1.5401 1.0125 -2.3670 62 170 27
-1.6161 0.8862 -2.3670 59 165 27
-1.6817 0.7542 -2.3670 56 159 27
-1.7366 0.6174 -2.3670 54 154 27
-1.7804 0.4767 -2.3670 52 148 27
-1.8128 0.3329 -2.3670 51 142 27
-1.8336 0.1869 -2.3670 50 135 27
-1.8427 0.0398 -2.3670 49 129 27
-1.8400 -0.1076 -2.3670 50 123 27
-1.8255 -0.2543 -2.3670 50 117 27
-1.7993 -0.3994 -2.3670 51 111 27
-1.7617 -0.5419 -2.3670 53 105 27
-1.7127 -0.6809 -2.3670 55 99 27
-1.6528 -0.8156 -2.3670 58 93 27
-1.5824 -0.9451 -2.3670 61 87 27
-1.5018 -1.0685 -2.3670 64 82 27
-1.4116 -1.1851 -2.3670 68 77 27
-1.3124 -1.2941 -2.3670 72 73 27
-1.2047 -1.3949 -2.3670 76 68 27
-1.0894 -1.4867 -2.3670 81 65 27
-0.9671 -1.5690 -2.3670 87 61 27
-0.8386 -1.6413 -2.3670 92 58 27
-0.7048 -1.7030 -2.3670 98 55 27
-0.5665 -1.7539 -2.3670 104 53 27
-0.4245 -1.7936 -2.3670 110 52 27
-0.2798 -1.8218 -2.3670 116 50 27
-0.1333 -1.8383 -2.3670 122 50 27
0.0140 -1.8431 -2.3670 128 49 27
0.1613 -1.8361 -2.3670 134 50 27
0.3075 -1.8173 -2.3670 141 51 27
0.4517 -1.7869 -2.3670 147 52 27
0.5931 -1.7451 -2.3670 153 54 27
0.7306 -1.6921 -2.3670 158 56 27
0.8635 -1.6283 -2.3670 164 59 27
0.9909 -1.5541 -2.3670 169 62 27
1.1119 -1.4699 -2.3670 175 65 27
1.2258 -1.3764 -2.3670 179 69 27
1.3319 -1.2740 -2.3670 184 74 27
1.4295 -1.1635 -2.3670 188 78 27
1.5179 -1.0455 -2.3670 192 83 27
1.5966 -0.9209 -2.3670 195 89 27
1.6651 -0.7904 -2.3670 198 94 27
1.7229 -0.6548 -2.3670 200 100 27
1.7697 -0.5150 -2.3670 202 106 27
1.8052 -0.3719 -2.3670 204 112 27
1.8292 -0.2265 -2.3670 205 118 27
1.8414 -0.0796 -2.3670 205 124 27
1.6481 0.0000 -2.5068 197 128 21
1.6428 0.1317 -2.5068 197 133 21
1.6270 0.2626 -2.5068 196 139 21
1.6008 0.3917 -2.5068 195 144 21
1.5644 0.5184 -2.5068 194 149 21
1.5180 0.6418 -2.5068 192 155 21
1.4618 0.7610 -2.5068 189 160 21
1.3963 0.8754 -2.5068 187 165 21
1.3219 0.9842 -2.5068 183 169 21
1.2390 1.0867 -2.5068 180 174 21
1.1482 1.1823 -2.5068 176 178 21
1.0501 1.2702 -2.5068 172 181 21
0.9452 1.3501 -2.5068 168 185 21
0.8343 1.4213 -2.5068 163 188 21
0.7180 1.4834 -2.5068 158 190 21
0.5972 1.5361 -2.5068 153 193 21
0.4725 1.5789 -2.5068 148 194 21
0.3448 1.6116 -2.5068 142 196 21
0.2149 1.6340 -2.5068 137 197 21
0.0837 1.6459 -2.5068 131 197 21
-0.0481 1.6474 -2.5068 125 197 21
-0.1796 1.6382 -2.5068 120 197 21
-0.3100 1.6187 -2.5068 114 196 21
-0.4383 1.5887 -2.5068 109 195 21
-0.5639 1.5486 -2.5068 104 193 21
-0.6858 1.4986 -2.5068 98 191 21
-0.8034 1.4390 -2.5068 93 188 21
-0.9158 1.3702 -2.5068 89 186 21
-1.0224 1.2926 -2.5068 84 182 21
-1.1224 1.2068 -2.5068 80 179 21
-1.2153 1.1132 -2.5068 76 175 21
-1.3003 1.0125 -2.5068 72 170 21
-1.3771 0.9054 -2.5068 69 166 21
-1.4451 0.7924 -2.5068 66 161 21
-1.5038 0.6744 -2.5068 64 156 21
-1.5528 0.5521 -2.5068 62 151 21
-1.5920 0.4262 -2.5068 60 146 21
-1.6210 0.2976 -2.5068 59 140 21
-1.6396 0.1671 -2.5068 58 135 21
-1.6477 0.0356 -2.5068 58 129 21
-1.6453 -0.0962 -2.5068 58 123 21
-1.6323 -0.2274 -2.5068 58 118 21
-1.6089 -0.3571 -2.5068 59 112 21
-1.5752 -0.4845 -2.5068 61 107 21
-1.5315 -0.6089 -2.5068 63 102 21
-1.4779 -0.7293 -2.5068 65 97 21
-1.4149 -0.8451 -2.5068 68 92 21
-1.3428 -0.9554 -2.5068 71 87 21
-1.2622 -1.0597 -2.5068 74 83 21
-1.1735 -1.1572 -2.5068 78 79 21
-1.0772 -1.2473 -2.5068 82 75 21
-0.9741 -1.3294 -2.5068 86 71 21
-0.8648 -1.4030 -2.5068 91 68 21
-0.7499 -1.4676 -2.5068 96 65 21
-0.6302 -1.5228 -2.5068 101 63 21
-0.5065 -1.5683 -2.5068 106 61 21
-0.3796 -1.6038 -2.5068 111 60 21
-0.2502 -1.6290 -2.5068 117 59 21
-0.1192 -1.6438 -2.5068 122 58 21
0.0125 -1.6480 -2.5068 128 58 21
0.1442 -1.6417 -2.5068 134 58 21
0.2749 -1.6250 -2.5068 139 59 21
0.4039 -1.5978 -2.5068 145 60 21
0.5303 -1.5604 -2.5068 150 61 21
0.6533 -1.5130 -2.5068 155 63 21
0.7721 -1.4560 -2.5068 160 66 21
0.8860 -1.3896 -2.5068 165 69 21
0.9943 -1.3144 -2.5068 170 72 21
1.0961 -1.2307 -2.5068 174 75 21
1.1910 -1.1392 -2.5068 178 79 21
1.2782 -1.0404 -2.5068 182 83 21
1.3572 -0.9349 -2.5068 185 88 21
1.4276 -0.8234 -2.5068 188 93 21
1.4888 -0.7067 -2.5068 191 98 21
1.5406 -0.5855 -2.5068 193 103 21
1.5824 -0.4605 -2.5068 194 108 21
1.6142 -0.3326 -2.5068 196 113 21
1.6356 -0.2025 -2.5068 197 119 21
1.6465 -0.0712 -2.5068 197 124 21
1.4425 0.0000 -2.6305 189 128 16
1.4379 0.1153 -2.6305 188 132 16
1.4240 0.2298 -2.6305 188 137 16
1.4011 0.3429 -2.6305 187 142 16
1.3692 0.4538 -2.6305 185 147 16
1.3286 0.5617 -2.6305 184 151 16
1.2795 0.6661 -2.6305 182 156 16
1.2221 0.7662 -2.6305 179 160 16
1.1570 0.8614 -2.6305 176 164 16
1.0845 0.9511 -2.6305 173 168 16
1.0050 1.0348 -2.6305 170 171 16
0.9191 1.1118 -2.6305 166 175 16
0.8273 1.1817 -2.6305 163 178 16
0.7302 1.2440 -2.6305 158 180 16
0.6285 1.2984 -2.6305 154 182 16
0.5227 1.3444 -2.6305 150 184 16
0.4136 1.3819 -2.6305 145 186 16
0.3018 1.4105 -2.6305 140 187 16
0.1881 1.4301 -2.6305 135 188 16
0.0732 1.4406 -2.6305 131 188 16
-0.0421 1.4419 -2.6305 126 189 16
-0.1572 1.4339 -2.6305 121 188 16
-0.2713 1.4167 -2.6305 116 187 16
-0.3836 1.3905 -2.6305 111 186 16
-0.4935 1.3554 -2.6305 107 185 16
-0.6003 1.3116 -2.6305 102 183 16
-0.7032 1.2595 -2.6305 98 181 16
-0.8016 1.1992 -2.6305 94 178 16
-0.8949 1.1314 -2.6305 90 175 16
-0.9824 1.0562 -2.6305 86 172 16
-1.0637 0.9743 -2.6305 82 169 16
-1.1381 0.8862 -2.6305 79 165 16
-1.2053 0.7924 -2.6305 76 161 16
-1.2648 0.6936 -2.6305 74 157 16
-1.3162 0.5903 -2.6305 72 152 16
-1.3591 0.4832 -2.6305 70 148 16
-1.3934 0.3731 -2.6305 69 143 16
-1.4187 0.2605 -2.6305 67 139 16
-1.4350 0.1463 -2.6305 67 134 16
-1.4421 0.0311 -2.6305 66 129 16
-1.4400 -0.0842 -2.6305 67 124 16
-1.4287 -0.1990 -2.6305 67 119 16
-1.4082 -0.3125 -2.6305 68 114 16
-1.3787 -0.4241 -2.6305 69 110 16
-1.3404 -0.5329 -2.6305 71 105 16
-1.2935 -0.6383 -2.6305 73 100 16
-1.2384 -0.7397 -2.6305 75 96 16
-1.1753 -0.8363 -2.6305 78 92 16
-1.1047 -0.9275 -2.6305 81 88 16
-1.0271 -1.0128 -2.6305 84 85 16
-0.9429 -1.0917 -2.6305 88 81 16
-0.8526 -1.1635 -2.6305 91 78 16
-0.7569 -1.2279 -2.6305 95 76 16
-0.6563 -1.2845 -2.6305 100 73 16
-0.5516 -1.3328 -2.6305 104 71 16
-0.4433 -1.3727 -2.6305 109 69 16
-0.3322 -1.4037 -2.6305 113 68 16
-0.2190 -1.4258 -2.6305 118 67 16
-0.1043 -1.4387 -2.6305 123 67 16
0.0110 -1.4424 -2.6305 128 66 16
0.1262 -1.4369 -2.6305 133 67 16
0.2406 -1.4223 -2.6305 138 67 16
0.3535 -1.3985 -2.6305 142 68 16
0.4642 -1.3657 -2.6305 147 70 16
0.5718 -1.3243 -2.6305 152 71 16
0.6758 -1.2744 -2.6305 156 74 16
0.7755 -1.2163 -2.6305 160 76 16
0.8702 -1.1504 -2.6305 164 79 16
0.9594 -1.0772 -2.6305 168 82 16
1.0424 -0.9971 -2.6305 172 85 16
1.1187 -0.9106 -2.6305 175 89 16
1.1879 -0.8183 -2.6305 178 93 16
1.2495 -0.7207 -2.6305 180 97 16
1.3031 -0.6186 -2.6305 183 101 16
1.3484 -0.5124 -2.6305 185 106 16
1.3850 -0.4030 -2.6305 186 110 16
1.4128 -0.2911 -2.6305 187 115 16
1.4315 -0.1772 -2.6305 188 120 16
1.4411 -0.0623 -2.6305 189 125 16
1.2276 0.0000 -2.7373 179 128 12
1.2237 0.0981 -2.7373 179 132 12
1.2120 0.1956 -2.7373 179 136 12
1.1925 0.2918 -2.7373 178 140 12
1.1653 0.3862 -2.7373 177 144 12
1.1307 0.4781 -2.7373 175 148 12
1.0889 0.5669 -2.7373 174 151 12
1.0401 0.6521 -2.7373 172 155 12
0.9847 0.7331 -2.7373 169 159 12
0.9229 0.8095 -2.7373 167 162 12
0.8553 0.8807 -2.7373 164 165 12
0.7822 0.9462 -2.7373 161 168 12
0.7041 1.0057 -2.7373 157 170 12
0.6215 1.0587 -2.7373 154 172 12
0.5349 1.1050 -2.7373 150 174 12
0.4448 1.1442 -2.7373 146 176 12
0.3520 1.1761 -2.7373 142 177 12
0.2569 1.2005 -2.7373 138 178 12
0.1601 1.2172 -2.7373 134 179 12
0.0623 1.2261 -2.7373 130 179 12
-0.0358 1.2271 -2.7373 126 179 12
-0.1338 1.2203 -2.7373 122 179 12
-0.2309 1.2057 -2.7373 118 179 12
-0.3265 1.1834 -2.7373 114 178 12
-0.4200 1.1535 -2.7373 110 176 12
-0.5109 1.1163 -2.7373 106 175 12
-0.5985 1.0719 -2.7373 102 173 12
-0.6822 1.0206 -2.7373 99 171 12
-0.7616 0.9629 -2.7373 95 168 12
-0.8361 0.8989 -2.7373 92 166 12
-0.9053 0.8292 -2.7373 89 163 12
-0.9686 0.7542 -2.7373 86 159 12
-1.0258 0.6744 -2.7373 84 156 12
-1.0764 0.5903 -2.7373 82 152 12
-1.1201 0.5024 -2.7373 80 149 12
-1.1567 0.4112 -2.7373 79 145 12
-1.1859 0.3175 -2.7373 77 141 12
-1.2075 0.2217 -2.7373 76 137 12
-1.2213 0.1245 -2.7373 76 133 12
-1.2274 0.0265 -2.7373 76 129 12
-1.2255 -0.0717 -2.7373 76 124 12
-1.2159 -0.1694 -2.7373 76 120 12
-1.1985 -0.2660 -2.7373 77 116 12
-1.1734 -0.3609 -2.7373 78 112 12
-1.1408 -0.4535 -2.7373 79 108 12
-1.1009 -0.5433 -2.7373 81 105 12
-1.0540 -0.6295 -2.7373 83 101 12
-1.0003 -0.7117 -2.7373 85 97 12
-0.9402 -0.7894 -2.7373 88 94 12
-0.8741 -0.8620 -2.7373 90 91 12
-0.8024 -0.9291 -2.7373 94 88 12
-0.7256 -0.9902 -2.7373 97 86 12
-0.6442 -1.0451 -2.7373 100 83 12
-0.5586 -1.0932 -2.7373 104 81 12
-0.4694 -1.1343 -2.7373 108 79 12
-0.3773 -1.1682 -2.7373 112 78 12
-0.2827 -1.1946 -2.7373 116 77 12
-0.1864 -1.2134 -2.7373 120 76 12
-0.0888 -1.2244 -2.7373 124 76 12
0.0093 -1.2276 -2.7373 128 76 12
0.1074 -1.2229 -2.7373 132 76 12
0.2048 -1.2104 -2.7373 136 76 12
0.3009 -1.1902 -2.7373 140 77 12
0.3950 -1.1623 -2.7373 144 78 12
0.4867 -1.1271 -2.7373 148 80 12
0.5752 -1.0846 -2.7373 152 82 12
0.6600 -1.0351 -2.7373 155 84 12
0.7406 -0.9791 -2.7373 159 86 12
0.8165 -0.9168 -2.7373 162 89 12
0.8871 -0.8486 -2.7373 165 92 12
0.9521 -0.7750 -2.7373 168 95 12
1.0110 -0.6964 -2.7373 170 98 12
1.0634 -0.6134 -2.7373 173 102 12
1.1090 -0.5264 -2.7373 174 105 12
1.1476 -0.4361 -2.7373 176 109 12
1.1787 -0.3430 -2.7373 177 113 12
1.2024 -0.2477 -2.7373 178 117 12
1.2183 -0.1508 -2.7373 179 121 12
1.2265 -0.0530 -2.7373 179 125 12
1.0050 0.0000 -2.8267 170 128 8
1.0018 0.0803 -2.8267 170 131 8
0.9921 0.1601 -2.8267 170 134 8
0.9762 0.2389 -2.8267 169 138 8
0.9539 0.3161 -2.8267 168 141 8
0.9256 0.3914 -2.8267 167 144 8
0.8914 0.4641 -2.8267 165 147 8
0.8515 0.5338 -2.8267 164 150 8
0.8061 0.6002 -2.8267 162 153 8
0.7555 0.6627 -2.8267 159 156 8
0.7002 0.7209 -2.8267 157 158 8
0.6403 0.7746 -2.8267 155 160 8
0.5764 0.8233 -2.8267 152 162 8
0.5087 0.8667 -2.8267 149 164 8
0.4378 0.9046 -2.8267 146 166 8
0.3642 0.9367 -2.8267 143 167 8
0.2881 0.9628 -2.8267 140 168 8
0.2103 0.9827 -2.8267 136 169 8
0.1311 0.9964 -2.8267 133 170 8
0.0510 1.0037 -2.8267 130 170 8
-0.0293 1.0045 -2.8267 126 170 8
-0.1095 0.9990 -2.8267 123 170 8
-0.1890 0.9870 -2.8267 119 169 8
-0.2673 0.9688 -2.8267 116 169 8
-0.3438 0.9443 -2.8267 113 167 8
-0.4182 0.9138 -2.8267 110 166 8
-0.4899 0.8775 -2.8267 107 165 8
-0.5585 0.8355 -2.8267 104 163 8
-0.6234 0.7882 -2.8267 101 161 8
-0.6844 0.7359 -2.8267 99 159 8
-0.7411 0.6788 -2.8267 96 156 8
-0.7929 0.6174 -2.8267 94 154 8
-0.8397 0.5521 -2.8267 92 151 8
-0.8812 0.4832 -2.8267 90 148 8
-0.9170 0.4112 -2.8267 89 145 8
-0.9469 0.3367 -2.8267 87 142 8
-0.9708 0.2599 -2.8267 86 139 8
-0.9884 0.1815 -2.8267 86 135 8
-0.9998 0.1019 -2.8267 85 132 8
-1.0047 0.0217 -2.8267 85 128 8
-1.0033 -0.0587 -2.8267 85 125 8
-0.9954 -0.1387 -2.8267 85 122 8
-0.9811 -0.2178 -2.8267 86 118 8
-0.9606 -0.2955 -2.8267 87 115 8
-0.9339 -0.3713 -2.8267 88 112 8
-0.9012 -0.4447 -2.8267 89 109 8
-0.8628 -0.5153 -2.8267 91 106 8
-0.8188 -0.5826 -2.8267 93 103 8
-0.7697 -0.6462 -2.8267 95 100 8
-0.7156 -0.7056 -2.8267 97 98 8
-0.6569 -0.7606 -2.8267 100 95 8
-0.5940 -0.8106 -2.8267 102 93 8
-0.5273 -0.8555 -2.8267 105 91 8
-0.4573 -0.8949 -2.8267 108 90 8
-0.3843 -0.9286 -2.8267 111 88 8
-0.3089 -0.9563 -2.8267 114 87 8
-0.2314 -0.9779 -2.8267 118 86 8
-0.1526 -0.9933 -2.8267 121 85 8
-0.0727 -1.0023 -2.8267 124 85 8
0.0076 -1.0049 -2.8267 128 85 8
0.0879 -1.0011 -2.8267 131 85 8
0.1677 -0.9909 -2.8267 135 86 8
0.2463 -0.9743 -2.8267 138 86 8
0.3234 -0.9515 -2.8267 141 87 8
0.3984 -0.9226 -2.8267 144 88 8
0.4708 -0.8878 -2.8267 147 90 8
0.5403 -0.8474 -2.8267 150 92 8
0.6063 -0.8015 -2.8267 153 94 8
0.6684 -0.7505 -2.8267 156 96 8
0.7262 -0.6947 -2.8267 158 98 8
0.7794 -0.6344 -2.8267 160 101 8
0.8276 -0.5701 -2.8267 163 103 8
0.8705 -0.5021 -2.8267 164 106 8
0.9079 -0.4309 -2.8267 166 109 8
0.9394 -0.3570 -2.8267 167 112 8
0.9649 -0.2808 -2.8267 168 116 8
0.9843 -0.2028 -2.8267 169 119 8
0.9973 -0.1235 -2.8267 170 122 8
1.0040 -0.0434 -2.8267 170 126 8
0.7759 0.0000 -2.8979 160 128 5
0.7734 0.0620 -2.8979 160 130 5
0.7659 0.1236 -2.8979 160 133 5
0.7536 0.1844 -2.8979 159 135 5
0.7365 0.2441 -2.8979 159 138 5
0.7146 0.3021 -2.8979 158 140 5
0.6882 0.3583 -2.8979 157 143 5
0.6573 0.4121 -2.8979 155 145 5
0.6223 0.4633 -2.8979 154 147 5
0.5833 0.5116 -2.8979 152 149 5
0.5405 0.5566 -2.8979 150 151 5
0.4943 0.5980 -2.8979 148 153 5
0.4450 0.6356 -2.8979 146 154 5
0.3928 0.6691 -2.8979 144 156 5
0.3380 0.6984 -2.8979 142 157 5
0.2811 0.7231 -2.8979 139 158 5
0.2225 0.7433 -2.8979 137 159 5
0.1623 0.7587 -2.8979 134 160 5
0.1012 0.7692 -2.8979 132 160 5
0.0394 0.7749 -2.8979 129 160 5
-0.0227 0.7755 -2.8979 127 160 5
-0.0846 0.7712 -2.8979 124 160 5
-0.1459 0.7620 -2.8979 121 160 5
-0.2064 0.7479 -2.8979 119 159 5
-0.2655 0.7290 -2.8979 116 158 5
-0.3229 0.7055 -2.8979 114 157 5
-0.3782 0.6774 -2.8979 111 156 5
-0.4311 0.6450 -2.8979 109 155 5
-0.4813 0.6085 -2.8979 107 153 5
-0.5284 0.5681 -2.8979 105 152 5
-0.5721 0.5241 -2.8979 103 150 5
-0.6122 0.4767 -2.8979 102 148 5
-0.6483 0.4262 -2.8979 100 146 5
-0.6803 0.3731 -2.8979 99 143 5
-0.7079 0.3175 -2.8979 98 141 5
-0.7310 0.2599 -2.8979 97 139 5
-0.7495 0.2007 -2.8979 96 136 5
-0.7631 0.1401 -2.8979 95 133 5
-0.7719 0.0787 -2.8979 95 131 5
-0.7757 0.0168 -2.8979 95 128 5
-0.7745 -0.0453 -2.8979 95 126 5
-0.7684 -0.1070 -2.8979 95 123 5
-0.7574 -0.1681 -2.8979 95 120 5
-0.7416 -0.2281 -2.8979 96 118 5
-0.7210 -0.2866 -2.8979 97 115 5
-0.6958 -0.3433 -2.8979 98 113 5
-0.6661 -0.3978 -2.8979 99 111 5
-0.6322 -0.4498 -2.8979 101 108 5
-0.5942 -0.4989 -2.8979 102 106 5
-0.5524 -0.5448 -2.8979 104 104 5
-0.5071 -0.5872 -2.8979 106 103 5
-0.4586 -0.6258 -2.8979 108 101 5
-0.4071 -0.6605 -2.8979 110 100 5
-0.3530 -0.6909 -2.8979 113 98 5
-0.2967 -0.7169 -2.8979 115 97 5
-0.2384 -0.7383 -2.8979 117 96 5
-0.1787 -0.7550 -2.8979 120 96 5
-0.1178 -0.7669 -2.8979 123 95 5
-0.0561 -0.7738 -2.8979 125 95 5
0.0059 -0.7758 -2.8979 128 95 5
0.0679 -0.7729 -2.8979 130 95 5
0.1294 -0.7650 -2.8979 133 95 5
0.1902 -0.7522 -2.8979 136 96 5
0.2497 -0.7346 -2.8979 138 96 5
0.3076 -0.7123 -2.8979 141 97 5
0.3635 -0.6854 -2.8979 143 98 5
0.4171 -0.6542 -2.8979 145 100 5
0.4681 -0.6188 -2.8979 147 101 5
0.5160 -0.5794 -2.8979 149 103 5
0.5607 -0.5363 -2.8979 151 105 5
0.6017 -0.4898 -2.8979 153 107 5
0.6389 -0.4401 -2.8979 155 109 5
0.6721 -0.3877 -2.8979 156 111 5
0.7009 -0.3327 -2.8979 157 113 5
0.7252 -0.2756 -2.8979 158 116 5
0.7450 -0.2168 -2.8979 159 118 5
0.7599 -0.1566 -2.8979 160 121 5
0.7700 -0.0953 -2.8979 160 123 5
0.7751 -0.0335 -2.8979 160 126 5
0.5418 0.0000 -2.9507 150 128 3
0.5401 0.0433 -2.9507 150 129 3
0.5349 0.0863 -2.9507 150 131 3
0.5263 0.1288 -2.9507 150 133 3
0.5143 0.1704 -2.9507 149 135 3
0.4990 0.2110 -2.9507 149 136 3
0.4806 0.2502 -2.9507 148 138 3
0.4590 0.2878 -2.9507 147 140 3
0.4346 0.3236 -2.9507 146 141 3
0.4073 0.3572 -2.9507 145 143 3
0.3775 0.3887 -2.9507 143 144 3
0.3452 0.4176 -2.9507 142 145 3
0.3107 0.4438 -2.9507 141 146 3
0.2743 0.4672 -2.9507 139 147 3
0.2360 0.4877 -2.9507 137 148 3
0.1963 0.5050 -2.9507 136 149 3
0.1553 0.5190 -2.9507 134 149 3
0.1134 0.5298 -2.9507 132 150 3
0.0707 0.5372 -2.9507 130 150 3
0.0275 0.5411 -2.9507 129 150 3
-0.0158 0.5416 -2.9507 127 150 3
-0.0590 0.5386 -2.9507 125 150 3
-0.1019 0.5321 -2.9507 123 150 3
-0.1441 0.5223 -2.9507 121 150 3
-0.1854 0.5091 -2.9507 120 149 3
-0.2255 0.4926 -2.9507 118 148 3
-0.2641 0.4731 -2.9507 116 148 3
-0.3011 0.4504 -2.9507 115 147 3
-0.3361 0.4249 -2.9507 113 145 3
-0.3690 0.3967 -2.9507 112 144 3
-0.3995 0.3660 -2.9507 111 143 3
-0.4275 0.3329 -2.9507 109 142 3
-0.4527 0.2976 -2.9507 108 140 3
-0.4751 0.2605 -2.9507 107 139 3
-0.4943 0.2217 -2.9507 107 137 3
-0.5105 0.1815 -2.9507 106 135 3
-0.5234 0.1401 -2.9507 105 133 3
-0.5329 0.0978 -2.9507 105 132 3
-0.5390 0.0549 -2.9507 105 130 3
-0.5417 0.0117 -2.9507 105 128 3
-0.5409 -0.0316 -2.9507 105 126 3
-0.5366 -0.0747 -2.9507 105 124 3
-0.5289 -0.1174 -2.9507 105 123 3
-0.5178 -0.1593 -2.9507 106 121 3
-0.5035 -0.2002 -2.9507 106 119 3
-0.4859 -0.2398 -2.9507 107 117 3
-0.4651 -0.2778 -2.9507 108 116 3
-0.4415 -0.3141 -2.9507 109 114 3
-0.4149 -0.3484 -2.9507 110 113 3
-0.3858 -0.3804 -2.9507 111 111 3
-0.3541 -0.4100 -2.9507 113 110 3
-0.3202 -0.4370 -2.9507 114 109 3
-0.2843 -0.4612 -2.9507 115 108 3
-0.2465 -0.4825 -2.9507 117 107 3
-0.2072 -0.5006 -2.9507 119 106 3
-0.1665 -0.5156 -2.9507 120 106 3
-0.1248 -0.5272 -2.9507 122 105 3
-0.0822 -0.5355 -2.9507 124 105 3
-0.0392 -0.5404 -2.9507 126 105 3
0.0041 -0.5418 -2.9507 128 105 3
0.0474 -0.5397 -2.9507 130 105 3
0.0904 -0.5342 -2.9507 131 105 3
0.1328 -0.5253 -2.9507 133 105 3
0.1743 -0.5130 -2.9507 135 106 3
0.2148 -0.4974 -2.9507 137 106 3
0.2538 -0.4786 -2.9507 138 107 3
0.2913 -0.4568 -2.9507 140 108 3
0.3269 -0.4321 -2.9507 141 109 3
0.3603 -0.4046 -2.9507 143 110 3
0.3915 -0.3745 -2.9507 144 112 3
0.4202 -0.3420 -2.9507 145 113 3
0.4462 -0.3073 -2.9507 146 114 3
0.4693 -0.2707 -2.9507 147 116 3
0.4894 -0.2323 -2.9507 148 118 3
0.5064 -0.1925 -2.9507 149 119 3
0.5202 -0.1514 -2.9507 150 121 3
0.5306 -0.1093 -2.9507 150 123 3
0.5377 -0.0666 -2.9507 150 125 3
0.5413 -0.0234 -2.9507 150 127 3
0.3043 0.0000 -2.9845 140 128 1
0.3033 0.0243 -2.9845 140 129 1
0.3004 0.0485 -2.9845 140 130 1
0.2955 0.0723 -2.9845 140 131 1
0.2888 0.0957 -2.9845 140 132 1
0.2802 0.1185 -2.9845 139 133 1
0.2699 0.1405 -2.9845 139 133 1
0.2578 0.1616 -2.9845 138 134 1
0.2440 0.1817 -2.9845 138 135 1
0.2287 0.2006 -2.9845 137 136 1
0.2120 0.2183 -2.9845 136 137 1
0.1939 0.2345 -2.9845 136 137 1
0.1745 0.2492 -2.9845 135 138 1
0.1540 0.2624 -2.9845 134 139 1
0.1326 0.2739 -2.9845 133 139 1
0.1102 0.2836 -2.9845 132 140 1
0.0872 0.2915 -2.9845 131 140 1
0.0637 0.2975 -2.9845 130 140 1
0.0397 0.3017 -2.9845 129 140 1
0.0154 0.3039 -2.9845 128 140 1
-0.0089 0.3041 -2.9845 127 140 1
-0.0332 0.3024 -2.9845 126 140 1
-0.0572 0.2988 -2.9845 125 140 1
-0.0809 0.2933 -2.9845 124 140 1
-0.1041 0.2859 -2.9845 123 140 1
-0.1266 0.2767 -2.9845 122 139 1
-0.1483 0.2657 -2.9845 121 139 1
-0.1691 0.2530 -2.9845 120 138 1
-0.1887 0.2386 -2.9845 120 138 1
-0.2072 0.2228 -2.9845 119 137 1
-0.2244 0.2055 -2.9845 118 136 1
-0.2401 0.1869 -2.9845 117 135 1
-0.2542 0.1671 -2.9845 117 135 1
-0.2668 0.1463 -2.9845 116 134 1
-0.2776 0.1245 -2.9845 116 133 1
-0.2867 0.1019 -2.9845 115 132 1
-0.2939 0.0787 -2.9845 115 131 1
-0.2993 0.0549 -2.9845 115 130 1
-0.3027 0.0309 -2.9845 115 129 1
-0.3042 0.0066 -2.9845 115 128 1
-0.3037 -0.0178 -2.9845 115 127 1
-0.3013 -0.0420 -2.9845 115 126 1
-0.2970 -0.0659 -2.9845 115 125 1
-0.2908 -0.0895 -2.9845 115 124 1
-0.2827 -0.1124 -2.9845 116 123 1
-0.2728 -0.1346 -2.9845 116 122 1
-0.2612 -0.1560 -2.9845 116 121 1
-0.2479 -0.1764 -2.9845 117 120 1
-0.2330 -0.1956 -2.9845 118 119 1
-0.2166 -0.2136 -2.9845 118 118 1
-0.1989 -0.2303 -2.9845 119 118 1
-0.1798 -0.2454 -2.9845 120 117 1
-0.1596 -0.2590 -2.9845 121 117 1
-0.1384 -0.2709 -2.9845 122 116 1
-0.1163 -0.2811 -2.9845 123 116 1
-0.0935 -0.2895 -2.9845 124 115 1
-0.0701 -0.2961 -2.9845 125 115 1
-0.0462 -0.3007 -2.9845 126 115 1
-0.0220 -0.3035 -2.9845 127 115 1
0.0023 -0.3042 -2.9845 128 115 1
0.0266 -0.3031 -2.9845 129 115 1
0.0508 -0.3000 -2.9845 130 115 1
0.0746 -0.2950 -2.9845 131 115 1
0.0979 -0.2881 -2.9845 132 115 1
0.1206 -0.2793 -2.9845 133 116 1
0.1425 -0.2688 -2.9845 134 116 1
0.1636 -0.2565 -2.9845 134 117 1
0.1836 -0.2427 -2.9845 135 117 1
0.2024 -0.2272 -2.9845 136 118 1
0.2199 -0.2103 -2.9845 137 119 1
0.2360 -0.1921 -2.9845 137 119 1
0.2506 -0.1726 -2.9845 138 120 1
0.2636 -0.1520 -2.9845 139 121 1
0.2749 -0.1305 -2.9845 139 122 1
0.2844 -0.1081 -2.9845 140 123 1
0.2921 -0.0850 -2.9845 140 124 1
0.2980 -0.0614 -2.9845 140 125 1
0.3019 -0.0374 -2.9845 140 126 1
0.3040 -0.0131 -2.9845 140 127 1
0.0648 0.0000 -2.9993 130 128 1
0.0646 0.0052 -2.9993 130 128 1
0.0639 0.0103 -2.9993 130 128 1
0.0629 0.0154 -2.9993 130 128 1
0.0615 0.0204 -2.9993 130 128 1
0.0597 0.0252 -2.9993 130 129 1
0.0575 0.0299 -2.9993 130 129 1
0.0549 0.0344 -2.9993 130 129 1
0.0520 0.0387 -2.9993 130 129 1
0.0487 0.0427 -2.9993 130 129 1
0.0451 0.0465 -2.9993 129 129 1
0.0413 0.0499 -2.9993 129 130 1
0.0371 0.0531 -2.9993 129 130 1
0.0328 0.0559 -2.9993 129 130 1
0.0282 0.0583 -2.9993 129 130 1
0.0235 0.0604 -2.9993 128 130 1
0.0186 0.0621 -2.9993 128 130 1
0.0136 0.0633 -2.9993 128 130 1
0.0084 0.0642 -2.9993 128 130 1
0.0033 0.0647 -2.9993 128 130 1
-0.0019 0.0647 -2.9993 127 130 1
-0.0071 0.0644 -2.9993 127 130 1
-0.0122 0.0636 -2.9993 127 130 1
-0.0172 0.0624 -2.9993 127 130 1
-0.0222 0.0609 -2.9993 127 130 1
-0.0270 0.0589 -2.9993 126 130 1
-0.0316 0.0566 -2.9993 126 130 1
-0.0360 0.0539 -2.9993 126 130 1
-0.0402 0.0508 -2.9993 126 130 1
-0.0441 0.0474 -2.9993 126 130 1
-0.0478 0.0438 -2.9993 125 129 1
-0.0511 0.0398 -2.9993 125 129 1
-0.0541 0.0356 -2.9993 125 129 1
-0.0568 0.0311 -2.9993 125 129 1
-0.0591 0.0265 -2.9993 125 129 1
-0.0610 0.0217 -2.9993 125 128 1
-0.0626 0.0168 -2.9993 125 128 1
-0.0637 0.0117 -2.9993 125 128 1
-0.0644 0.0066 -2.9993 125 128 1
-0.0648 0.0014 -2.9993 125 128 1
-0.0647 -0.0038 -2.9993 125 127 1
-0.0642 -0.0089 -2.9993 125 127 1
-0.0632 -0.0140 -2.9993 125 127 1
-0.0619 -0.0190 -2.9993 125 127 1
-0.0602 -0.0239 -2.9993 125 126 1
-0.0581 -0.0287 -2.9993 125 126 1
-0.0556 -0.0332 -2.9993 125 126 1
-0.0528 -0.0376 -2.9993 125 126 1
-0.0496 -0.0416 -2.9993 125 126 1
-0.0461 -0.0455 -2.9993 126 126 1
-0.0423 -0.0490 -2.9993 126 125 1
-0.0383 -0.0522 -2.9993 126 125 1
-0.0340 -0.0551 -2.9993 126 125 1
-0.0295 -0.0577 -2.9993 126 125 1
-0.0248 -0.0599 -2.9993 126 125 1
-0.0199 -0.0616 -2.9993 127 125 1
-0.0149 -0.0630 -2.9993 127 125 1
-0.0098 -0.0640 -2.9993 127 125 1
-0.0047 -0.0646 -2.9993 127 125 1
0.0005 -0.0648 -2.9993 128 125 1
0.0057 -0.0645 -2.9993 128 125 1
0.0108 -0.0639 -2.9993 128 125 1
0.0159 -0.0628 -2.9993 128 125 1
0.0208 -0.0613 -2.9993 128 125 1
0.0257 -0.0595 -2.9993 129 125 1
0.0303 -0.0572 -2.9993 129 125 1
0.0348 -0.0546 -2.9993 129 125 1
0.0391 -0.0517 -2.9993 129 125 1
0.0431 -0.0484 -2.9993 129 125 1
0.0468 -0.0448 -2.9993 129 126 1
0.0502 -0.0409 -2.9993 130 126 1
0.0533 -0.0367 -2.9993 130 126 1
0.0561 -0.0324 -2.9993 130 126 1
0.0585 -0.0278 -2.9993 130 126 1
0.0605 -0.0230 -2.9993 130 127 1
0.0622 -0.0181 -2.9993 130 127 1
0.0634 -0.0131 -2.9993 130 127 1
0.0643 -0.0080 -2.9993 130 127 1
0.0647 -0.0028 -2.9993 130 127 1
-4.8000 -3.0000 -1.4000 80 80 100
-4.8000 -3.0000 -1.2000 80 80 100
-4.8000 -3.0000 -1.0000 80 80 100
-4.8000 -3.0000 -0.8000 80 80 100
-4.8000 -3.0000 -0.6000 80 80 100
-4.8000 -3.0000 -0.4000 80 80 100
-4.8000 -3.0000 -0.2000 80 80 100
-4.8000 -3.0000 0.0000 80 80 100
-4.8000 -3.0000 0.2000 80 80 100
-4.8000 -3.0000 0.4000 80 80 100
-4.8000 -3.0000 0.6000 80 80 100
-4.8000 -3.0000 0.8000 80 80 100
-4.8000 -3.0000 1.0000 80 80 100
-4.8000 -3.0000 1.2000 80 80 100
-4.6000 -3.0000 -1.8000 80 80 100
-4.6000 -3.0000 -1.6000 80 80 100
-4.6000 -3.0000 -1.4000 80 80 100
-4.6000 -3.0000 -1.2000 80 80 100
-4.6000 -3.0000 -1.0000 80 80 100
-4.6000 -3.0000 -0.8000 80 80 100
-4.6000 -3.0000 -0.6000 80 80 100
-4.6000 -3.0000 -0.4000 80 80 100
-4.6000 -3.0000 -0.2000 80 80 100
-4.6000 -3.0000 0.0000 80 80 100
-4.6000 -3.0000 0.2000 80 80 100
-4.6000 -3.0000 0.4000 80 80 100
-4.6000 -3.0000 0.6000 80 80 100
-4.6000 -3.0000 0.8000 80 80 100
-4.6000 -3.0000 1.0000 80 80 100
-4.6000 -3.0000 1.2000 80 80 100
-4.6000 -3.0000 1.4000 80 80 100
-4.6000 -3.0000 1.6000 80 80 100
-4.6000 -3.0000 1.8000 80 80 100
-4.4000 -3.0000 -2.2000 80 80 100
-4.4000 -3.0000 -2.0000 80 80 100
-4.4000 -3.0000 -1.8000 80 80 100
-4.4000 -3.0000 -1.6000 80 80 100
-4.4000 -3.0000 -1.4000 80 80 100
-4.4000 -3.0000 -1.2000 80 80 100
-4.4000 -3.0000 -1.0000 80 80 100
-4.4000 -3.0000 -0.8000 80 80 100
-4.4000 -3.0000 -0.6000 80 80 100
-4.4000 -3.0000 -0.4000 80 80 100
-4.4000 -3.0000 -0.2000 80 80 100
-4.4000 -3.0000 0.0000 80 80 100
-4.4000 -3.0000 0.2000 80 80 100
-4.4000 -3.0000 0.4000 80 80 100
-4.4000 -3.0000 0.6000 80 80 100
-4.4000 -3.0000 0.8000 80 80 100
-4.4000 -3.0000 1.0000 80 80 100
-4.4000 -3.0000 1.2000 80 80 100
-4.4000 -3.0000 1.4000 80 80 100
-4.4000 -3.0000 1.6000 80 80 100
-4.4000 -3.0000 1.8000 80 80 100
-4.4000 -3.0000 2.0000 80 80 100
-4.4000 -3.0000 2.2000 80 80 100
-4.2000 -3.0000 -2.6000 80 80 100
-4.2000 -3.0000 -2.4000 80 80 100
-4.2000 -3.0000 -2.2000 80 80 100
-4.2000 -3.0000 -2.0000 80 80 100
-4.2000 -3.0000 -1.8000 80 80 100
-4.2000 -3.0000 -1.6000 80 80 100
-4.2000 -3.0000 -1.4000 80 80 100
-4.2000 -3.0000 -1.2000 80 80 100
-4.2000 -3.0000 -1.0000 80 80 100
-4.2000 -3.0000 -0.8000 80 80 100
-4.2000 -3.0000 -0.6000 80 80 100
-4.2000 -3.0000 -0.4000 80 80 100
-4.2000 -3.0000 -0.2000 80 80 100
-4.2000 -3.0000 0.0000 80 80 100
-4.2000 -3.0000 0.2000 80 80 100
-4.2000 -3.0000 0.4000 80 80 100
-4.2000 -3.0000 0.6000 80 80 100
-4.2000 -3.0000 0.8000 80 80 100
-4.2000 -3.0000 1.0000 80 80 100
-4.2000 -3.0000 1.2000 80 80 100
-4.2000 -3.0000 1.4000 80 80 100
-4.2000 -3.0000 1.6000 80 80 100
-4.2000 -3.0000 1.8000 80 80 100
-4.2000 -3.0000 2.0000 80 80 100
-4.2000 -3.0000 2.2000 80 80 100
-4.2000 -3.0000 2.4000 80 80 100
-4.2000 -3.0000 2.6000 80 80 100
-4.0000 -3.0000 -3.0000 80 80 100
-4.0000 -3.0000 -2.8000 80 80 100
-4.0000 -3.0000 -2.6000 80 80 100
-4.0000 -3.0000 -2.4000 80 80 100
-4.0000 -3.0000 -2.2000 80 80 100
-4.0000 -3.0000 -2.0000 80 80 100
-4.0000 -3.0000 -1.8000 80 80 100
-4.0000 -3.0000 -1.6000 80 80 100
-4.0000 -3.0000 -1.4000 80 80 100
-4.0000 -3.0000 -1.2000 80 80 100
-4.0000 -3.0000 -1.0000 80 80 100
-4.0000 -3.0000 -0.8000 80 80 100
-4.0000 -3.0000 -0.6000 80 80 100
-4.0000 -3.0000 -0.4000 80 80 100
-4.0000 -3.0000 -0.2000 80 80 100
-4.0000 -3.0000 0.0000 80 80 100
-4.0000 -3.0000 0.2000 80 80 100
-4.0000 -3.0000 0.4000 80 80 100
-4.0000 -3.0000 0.6000 80 80 100
-4.0000 -3.0000 0.8000 80 80 100
-4.0000 -3.0000 1.0000 80 80 100
-4.0000 -3.0000 1.2000 80 80 100
-4.0000 -3.0000 1.4000 80 80 100
-4.0000 -3.0000 1.6000 80 80 100
-4.0000 -3.0000 1.8000 80 80 100
-4.0000 -3.0000 2.0000 80 80 100
-4.0000 -3.0000 2.2000 80 80 100
-4.0000 -3.0000 2.4000 80 80 100
-4.0000 -3.0000 2.6000 80 80 100
-4.0000 -3.0000 2.8000 80 80 100
-3.8000 -3.0000 -3.2000 80 80 100
-3.8000 -3.0000 -3.0000 80 80 100
-3.8000 -3.0000 -2.8000 80 80 100
-3.8000 -3.0000 -2.6000 80 80 100
-3.8000 -3.0000 -2.4000 80 80 100
-3.8000 -3.0000 -2.2000 80 80 100
-3.8000 -3.0000 -2.0000 80 80 100
-3.8000 -3.0000 -1.8000 80 80 100
-3.8000 -3.0000 -1.6000 80 80 100
-3.8000 -3.0000 -1.4000 80 80 100
-3.8000 -3.0000 -1.2000 80 80 100
-3.8000 -3.0000 -1.0000 80 80 100
-3.8000 -3.0000 -0.8000 80 80 100
-3.8000 -3.0000 -0.6000 80 80 100
-3.8000 -3.0000 -0.4000 80 80 100
-3.8000 -3.0000 -0.2000 80 80 100
-3.8000 -3.0000 0.0000 80 80 100
-3.8000 -3.0000 0.2000 80 80 100
-3.8000 -3.0000 0.4000 80 80 100
-3.8000 -3.0000 0.6000 80 80 100
-3.8000 -3.0000 0.8000 80 80 100
-3.8000 -3.0000 1.0000 80 80 100
-3.8000 -3.0000 1.2000 80 80 100
-3.8000 -3.0000 1.4000 80 80 100
-3.8000 -3.0000 1.6000 80 80 100
-3.8000 -3.0000 1.8000 80 80 100
-3.8000 -3.0000 2.0000 80 80 100
-3.8000 -3.0000 2.2000 80 80 100
-3.8000 -3.0000 2.4000 80 80 100
-3.8000 -3.0000 2.6000 80 80 100
-3.8000 -3.0000 2.8000 80 80 100
-3.8000 -3.0000 3.0000 80 80 100
-3.8000 -3.0000 3.2000 80 80 100
-3.6000 -3.0000 -3.4000 80 80 100
-3.6000 -3.0000 -3.2000 80 80 100
-3.6000 -3.0000 -3.0000 80 80 100
-3.6000 -3.0000 -2.8000 80 80 100
-3.6000 -3.0000 -2.6000 80 80 100
-3.6000 -3.0000 -2.4000 80 80 100
-3.6000 -3.0000 -2.2000 80 80 100
-3.6000 -3.0000 -2.0000 80 80 100
-3.6000 -3.0000 -1.8000 80 80 100
-3.6000 -3.0000 -1.6000 80 80 100
-3.6000 -3.0000 -1.4000 80 80 100
-3.6000 -3.0000 -1.2000 80 80 100
-3.6000 -3.0000 -1.0000 80 80 100
-3.6000 -3.0000 -0.8000 80 80 100
-3.6000 -3.0000 -0.6000 80 80 100
-3.6000 -3.0000 -0.4000 80 80 100
-3.6000 -3.0000 -0.2000 80 80 100
-3.6000 -3.0000 0.0000 80 80 100
-3.6000 -3.0000 0.2000 80 80 100
-3.6000 -3.0000 0.4000 80 80 100
-3.6000 -3.0000 0.6000 80 80 100
-3.6000 -3.0000 0.8000 80 80 100
-3.6000 -3.0000 1.0000 80 80 100
-3.6000 -3.0000 1.2000 80 80 100
-3.6000 -3.0000 1.4000 80 80 100
-3.6000 -3.0000 1.6000 80 80 100
-3.6000 -3.0000 1.8000 80 80 100
-3.6000 -3.0000 2.0000 80 80 100
-3.6000 -3.0000 2.2000 80 80 100
-3.6000 -3.0000 2.4000 80 80 100
-3.6000 -3.0000 2.6000 80 80 100
-3.6000 -3.0000 2.8000 80 80 100
-3.6000 -3.0000 3.0000 80 80 100
-3.6000 -3.0000 3.2000 80 80 100
-3.6000 -3.0000 3.4000 80 80 100
-3.4000 -3.0000 -3.6000 80 80 100
-3.4000 -3.0000 -3.4000 80 80 100
-3.4000 -3.0000 -3.2000 80 80 100
-3.4000 -3.0000 -3.0000 80 80 100
-3.4000 -3.0000 -2.8000 80 80 100
-3.4000 -3.0000 -2.6000 80 80 100
-3.4000 -3.0000 -2.4000 80 80 100
-3.4000 -3.0000 -2.2000 80 80 100
-3.4000 -3.0000 -2.0000 80 80 100
-3.4000 -3.0000 -1.8000 80 80 100
-3.4000 -3.0000 -1.6000 80 80 100
-3.4000 -3.0000 -1.4000 80 80 100
-3.4000 -3.0000 -1.2000 80 80 100
-3.4000 -3.0000 -1.0000 80 80 100
-3.4000 -3.0000 1.0000 80 80 100
-3.4000 -3.0000 1.2000 80 80 100
-3.4000 -3.0000 1.4000 80 80 100
-3.4000 -3.0000 1.6000 80 80 100
-3.4000 -3.0000 1.8000 80 80 100
-3.4000 -3.0000 2.0000 80 80 100
-3.4000 -3.0000 2.2000 80 80 100
-3.4000 -3.0000 2.4000 80 80 100
-3.4000 -3.0000 2.6000 80 80 100
-3.4000 -3.0000 2.8000 80 80 100
-3.4000 -3.0000 3.0000 80 80 100
-3.4000 -3.0000 3.2000 80 80 100
-3.4000 -3.0000 3.4000 80 80 100
-3.4000 -3.0000 3.6000 80 80 100
-3.2000 -3.0000 -3.8000 80 80 100
-3.2000 -3.0000 -3.6000 80 80 100
-3.2000 -3.0000 -3.4000 80 80 100
-3.2000 -3.0000 -3.2000 80 80 100
-3.2000 -3.0000 -3.0000 80 80 100
-3.2000 -3.0000 -2.8000 80 80 100
-3.2000 -3.0000 -2.6000 80 80 100
-3.2000 -3.0000 -2.4000 80 80 100
-3.2000 -3.0000 -2.2000 80 80 100
-3.2000 -3.0000 -2.0000 80 80 100
-3.2000 -3.0000 -1.8000 80 80 100
-3.2000 -3.0000 -1.6000 80 80 100
-3.2000 -3.0000 1.6000 80 80 100
-3.2000 -3.0000 1.8000 80 80 100
-3.2000 -3.0000 2.0000 80 80 100
-3.2000 -3.0000 2.2000 80 80 100
-3.2000 -3.0000 2.4000 80 80 100
-3.2000 -3.0000 2.6000 80 80 100
-3.2000 -3.0000 2.8000 80 80 100
-3.2000 -3.0000 3.0000 80 80 100
-3.2000 -3.0000 3.2000 80 80 100
-3.2000 -3.0000 3.4000 80 80 100
-3.2000 -3.0000 3.6000 80 80 100
-3.2000 -3.0000 3.8000 80 80 100
-3.0000 -3.0000 -4.0000 80 80 100
-3.0000 -3.0000 -3.8000 80 80 100
-3.0000 -3.0000 -3.6000 80 80 100
-3.0000 -3.0000 -3.4000 80 80 100
-3.0000 -3.0000 -3.2000 80 80 100
-3.0000 -3.0000 -3.0000 80 80 100
-3.0000 -3.0000 -2.8000 80 80 100
-3.0000 -3.0000 -2.6000 80 80 100
-3.0000 -3.0000 -2.4000 80 80 100
-3.0000 -3.0000 -2.2000 80 80 100
-3.0000 -3.0000 -2.0000 80 80 100
-3.0000 -3.0000 2.0000 80 80 100
-3.0000 -3.0000 2.2000 80 80 100
-3.0000 -3.0000 2.4000 80 80 100
-3.0000 -3.0000 2.6000 80 80 100
-3.0000 -3.0000 2.8000 80 80 100
-3.0000 -3.0000 3.0000 80 80 100
-3.0000 -3.0000 3.2000 80 80 100
-3.0000 -3.0000 3.4000 80 80 100
-3.0000 -3.0000 3.6000 80 80 100
-3.0000 -3.0000 3.8000 80 80 100
-2.8000 -3.0000 -4.0000 80 80 100
-2.8000 -3.0000 -3.8000 80 80 100
-2.8000 -3.0000 -3.6000 80 80 100
-2.8000 -3.0000 -3.4000 80 80 100
-2.8000 -3.0000 -3.2000 80 80 100
-2.8000 -3.0000 -3.0000 80 80 100
-2.8000 -3.0000 -2.8000 80 80 100
-2.8000 -3.0000 -2.6000 80 80 100
-2.8000 -3.0000 -2.4000 80 80 100
-2.8000 -3.0000 -2.2000 80 80 100
-2.8000 -3.0000 2.2000 80 80 100
-2.8000 -3.0000 2.4000 80 80 100
-2.8000 -3.0000 2.6000 80 80 100
-2.8000 -3.0000 2.8000 80 80 100
-2.8000 -3.0000 3.0000 80 80 100
-2.8000 -3.0000 3.2000 80 80 100
-2.8000 -3.0000 3.4000 80 80 100
-2.8000 -3.0000 3.6000 80 80 100
-2.8000 -3.0000 3.8000 80 80 100
-2.8000 -3.0000 4.0000 80 80 100
-2.6000 -3.0000 -4.2000 80 80 100
-2.6000 -3.0000 -4.0000 80 80 100
-2.6000 -3.0000 -3.8000 80 80 100
-2.6000 -3.0000 -3.6000 80 80 100
-2.6000 -3.0000 -3.4000 80 80 100
-2.6000 -3.0000 -3.2000 80 80 100
-2.6000 -3.0000 -3.0000 80 80 100
-2.6000 -3.0000 -2.8000 80 80 100
-2.6000 -3.0000 -2.6000 80 80 100
-2.6000 -3.0000 -2.4000 80 80 100
-2.6000 -3.0000 2.4000 80 80 100
-2.6000 -3.0000 2.6000 80 80 100
-2.6000 -3.0000 2.8000 80 80 100
-2.6000 -3.0000 3.0000 80 80 100
-2.6000 -3.0000 3.2000 80 80 100
-2.6000 -3.0000 3.4000 80 80 100
-2.6000 -3.0000 3.6000 80 80 100
-2.6000 -3.0000 3.8000 80 80 100
-2.6000 -3.0000 4.0000 80 80 100
-2.6000 -3.0000 4.2000 80 80 100
-2.4000 -3.0000 -4.2000 80 80 100
-2.4000 -3.0000 -4.0000 80 80 100
-2.4000 -3.0000 -3.8000 80 80 100
-2.4000 -3.0000 -3.6000 80 80 100
-2.4000 -3.0000 -3.4000 80 80 100
-2.4000 -3.0000 -3.2000 80 80 100
-2.4000 -3.0000 -3.0000 80 80 100
-2.4000 -3.0000 -2.8000 80 80 100
-2.4000 -3.0000 -2.6000 80 80 100
-2.4000 -3.0000 2.6000 80 80 100
-2.4000 -3.0000 2.8000 80 80 100
-2.4000 -3.0000 3.0000 80 80 100
-2.4000 -3.0000 3.2000 80 80 100
-2.4000 -3.0000 3.4000 80 80 100
-2.4000 -3.0000 3.6000 80 80 100
-2.4000 -3.0000 3.8000 80 80 100
-2.4000 -3.0000 4.0000 80 80 100
-2.4000 -3.0000 4.2000 80 80 100
-2.2000 -3.0000 -4.4000 80 80 100
-2.2000 -3.0000 -4.2000 80 80 100
-2.2000 -3.0000 -4.0000 80 80 100
-2.2000 -3.0000 -3.8000 80 80 100
-2.2000 -3.0000 -3.6000 80 80 100
-2.2000 -3.0000 -3.4000 80 80 100
-2.2000 -3.0000 -3.2000 80 80 100
-2.2000 -3.0000 -3.0000 80 80 100
-2.2000 -3.0000 -2.8000 80 80 100
-2.2000 -3.0000 2.8000 80 80 100
-2.2000 -3.0000 3.0000 80 80 100
-2.2000 -3.0000 3.2000 80 80 100
-2.2000 -3.0000 3.4000 80 80 100
-2.2000 -3.0000 3.6000 80 80 100
-2.2000 -3.0000 3.8000 80 80 100
-2.2000 -3.0000 4.0000 80 80 100
-2.2000 -3.0000 4.2000 80 80 100
-2.2000 -3.0000 4.4000 80 80 100
-2.0000 -3.0000 -4.4000 80 80 100
-2.0000 -3.0000 -4.2000 80 80 100
-2.0000 -3.0000 -4.0000 80 80 100
-2.0000 -3.0000 -3.8000 80 80 100
-2.0000 -3.0000 -3.6000 80 80 100
-2.0000 -3.0000 -3.4000 80 80 100
-2.0000 -3.0000 -3.2000 80 80 100
-2.0000 -3.0000 -3.0000 80 80 100
-2.0000 -3.0000 3.0000 80 80 100
-2.0000 -3.0000 3.2000 80 80 100
-2.0000 -3.0000 3.4000 80 80 100
-2.0000 -3.0000 3.6000 80 80 100
-2.0000 -3.0000 3.8000 80 80 100
-2.0000 -3.0000 4.0000 80 80 100
-2.0000 -3.0000 4.2000 80 80 100
-2.0000 -3.0000 4.4000 80 80 100
-1.8000 -3.0000 -4.6000 80 80 100
-1.8000 -3.0000 -4.4000 80 80 100
-1.8000 -3.0000 -4.2000 80 80 100
-1.8000 -3.0000 -4.0000 80 80 100
-1.8000 -3.0000 -3.8000 80 80 100
-1.8000 -3.0000 -3.6000 80 80 100
-1.8000 -3.0000 -3.4000 80 80 100
-1.8000 -3.0000 -3.2000 80 80 100
-1.8000 -3.0000 3.2000 80 80 100
-1.8000 -3.0000 3.4000 80 80 100
-1.8000 -3.0000 3.6000 80 80 100
-1.8000 -3.0000 3.8000 80 80 100
-1.8000 -3.0000 4.0000 80 80 100
-1.8000 -3.0000 4.2000 80 80 100
-1.8000 -3.0000 4.4000 80 80 100
-1.8000 -3.0000 4.6000 80 80 100
-1.6000 -3.0000 -4.6000 80 80 100
-1.6000 -3.0000 -4.4000 80 80 100
-1.6000 -3.0000 -4.2000 80 80 100
-1.6000 -3.0000 -4.0000 80 80 100
-1.6000 -3.0000 -3.8000 80 80 100
-1.6000 -3.0000 -3.6000 80 80 100
-1.6000 -3.0000 -3.4000 80 80 100
-1.6000 -3.0000 -3.2000 80 80 100
-1.6000 -3.0000 3.2000 80 80 100
-1.6000 -3.0000 3.4000 80 80 100
-1.6000 -3.0000 3.6000 80 80 100
-1.6000 -3.0000 3.8000 80 80 100
-1.6000 -3.0000 4.0000 80 80 100
-1.6000 -3.0000 4.2000 80 80 100
-1.6000 -3.0000 4.4000 80 80 100
-1.6000 -3.0000 4.6000 80 80 100
-1.4000 -3.0000 -4.8000 80 80 100
-1.4000 -3.0000 -4.6000 80 80 100
-1.4000 -3.0000 -4.4000 80 80 100
-1.4000 -3.0000 -4.2000 80 80 100
-1.4000 -3.0000 -4.0000 80 80 100
-1.4000 -3.0000 -3.8000 80 80 100
-1.4000 -3.0000 -3.6000 80 80 100
-1.4000 -3.0000 -3.4000 80 80 100
-1.4000 -3.0000 3.4000 80 80 100
-1.4000 -3.0000 3.6000 80 80 100
-1.4000 -3.0000 3.8000 80 80 100
-1.4000 -3.0000 4.0000 80 80 100
-1.4000 -3.0000 4.2000 80 80 100
-1.4000 -3.0000 4.4000 80 80 100
-1.4000 -3.0000 4.6000 80 80 100
-1.2000 -3.0000 -4.8000 80 80 100
-1.2000 -3.0000 -4.6000 80 80 100
-1.2000 -3.0000 -4.4000 80 80 100
-1.2000 -3.0000 -4.2000 80 80 100
-1.2000 -3.0000 -4.0000 80 80 100
-1.2000 -3.0000 -3.8000 80 80 100
-1.2000 -3.0000 -3.6000 80 80 100
-1.2000 -3.0000 -3.4000 80 80 100
-1.2000 -3.0000 3.4000 80 80 100
-1.2000 -3.0000 3.6000 80 80 100
-1.2000 -3.0000 3.8000 80 80 100
-1.2000 -3.0000 4.0000 80 80 100
-1.2000 -3.0000 4.2000 80 80 100
-1.2000 -3.0000 4.4000 80 80 100
-1.2000 -3.0000 4.6000 80 80 100
-1.2000 -3.0000 4.8000 80 80 100
-1.0000 -3.0000 -4.8000 80 80 100
-1.0000 -3.0000 -4.6000 80 80 100
-1.0000 -3.0000 -4.4000 80 80 100
-1.0000 -3.0000 -4.2000 80 80 100
-1.0000 -3.0000 -4.0000 80 80 100
-1.0000 -3.0000 -3.8000 80 80 100
-1.0000 -3.0000 -3.6000 80 80 100
-1.0000 -3.0000 -3.4000 80 80 100
-1.0000 -3.0000 3.4000 80 80 100
-1.0000 -3.0000 3.6000 80 80 100
-1.0000 -3.0000 3.8000 80 80 100
-1.0000 -3.0000 4.0000 80 80 100
-1.0000 -3.0000 4.2000 80 80 100
-1.0000 -3.0000 4.4000 80 80 100
-1.0000 -3.0000 4.6000 80 80 100
-1.0000 -3.0000 4.8000 80 80 100
-0.8000 -3.0000 -4.8000 80 80 100
-0.8000 -3.0000 -4.6000 80 80 100
-0.8000 -3.0000 -4.4000 80 80 100
-0.8000 -3.0000 -4.2000 80 80 100
-0.8000 -3.0000 -4.0000 80 80 100
-0.8000 -3.0000 -3.8000 80 80 100
-0.8000 -3.0000 -3.6000 80 80 100
-0.8000 -3.0000 3.6000 80 80 100
-0.8000 -3.0000 3.8000 80 80 100
-0.8000 -3.0000 4.0000 80 80 100
-0.8000 -3.0000 4.2000 80 80 100
-0.8000 -3.0000 4.4000 80 80 100
-0.8000 -3.0000 4.6000 80 80 100
-0.8000 -3.0000 4.8000 80 80 100
-0.6000 -3.0000 -4.8000 80 80 100
-0.6000 -3.0000 -4.6000 80 80 100
-0.6000 -3.0000 -4.4000 80 80 100
-0.6000 -3.0000 -4.2000 80 80 100
-0.6000 -3.0000 -4.0000 80 80 100
-0.6000 -3.0000 -3.8000 80 80 100
-0.6000 -3.0000 -3.6000 80 80 100
-0.6000 -3.0000 3.6000 80 80 100
-0.6000 -3.0000 3.8000 80 80 100
-0.6000 -3.0000 4.0000 80 80 100
-0.6000 -3.0000 4.2000 80 80 100
-0.6000 -3.0000 4.4000 80 80 100
-0.6000 -3.0000 4.6000 80 80 100
-0.6000 -3.0000 4.8000 80 80 100
-0.4000 -3.0000 -4.8000 80 80 100
-0.4000 -3.0000 -4.6000 80 80 100
-0.4000 -3.0000 -4.4000 80 80 100
-0.4000 -3.0000 -4.2000 80 80 100
-0.4000 -3.0000 -4.0000 80 80 100
-0.4000 -3.0000 -3.8000 80 80 100
-0.4000 -3.0000 -3.6000 80 80 100
-0.4000 -3.0000 3.6000 80 80 100
-0.4000 -3.0000 3.8000 80 80 100
-0.4000 -3.0000 4.0000 80 80 100
-0.4000 -3.0000 4.2000 80 80 100
-0.4000 -3.0000 4.4000 80 80 100
-0.4000 -3.0000 4.6000 80 80 100
-0.4000 -3.0000 4.8000 80 80 100
-0.2000 -3.0000 -4.8000 80 80 100
-0.2000 -3.0000 -4.6000 80 80 100
-0.2000 -3.0000 -4.4000 80 80 100
-0.2000 -3.0000 -4.2000 80 80 100
-0.2000 -3.0000 -4.0000 80 80 100
-0.2000 -3.0000 -3.8000 80 80 100
-0.2000 -3.0000 -3.6000 80 80 100
-0.2000 -3.0000 3.6000 80 80 100
-0.2000 -3.0000 3.8000 80 80 100
-0.2000 -3.0000 4.0000 80 80 100
-0.2000 -3.0000 4.2000 80 80 100
-0.2000 -3.0000 4.4000 80 80 100
-0.2000 -3.0000 4.6000 80 80 100
-0.2000 -3.0000 4.8000 80 80 100
0.0000 -3.0000 -4.8000 80 80 100
0.0000 -3.0000 -4.6000 80 80 100
0.0000 -3.0000 -4.4000 80 80 100
0.0000 -3.0000 -4.2000 80 80 100
0.0000 -3.0000 -4.0000 80 80 100
0.0000 -3.0000 -3.8000 80 80 100
0.0000 -3.0000 -3.6000 80 80 100
0.0000 -3.0000 3.6000 80 80 100
0.0000 -3.0000 3.8000 80 80 100
0.0000 -3.0000 4.0000 80 80 100
0.0000 -3.0000 4.2000 80 80 100
0.0000 -3.0000 4.4000 80 80 100
0.0000 -3.0000 4.6000 80 80 100
0.0000 -3.0000 4.8000 80 80 100
0.2000 -3.0000 -4.8000 80 80 100
0.2000 -3.0000 -4.6000 80 80 100
0.2000 -3.0000 -4.4000 80 80 100
0.2000 -3.0000 -4.2000 80 80 100
0.2000 -3.0000 -4.0000 80 80 100
0.2000 -3.0000 -3.8000 80 80 100
0.2000 -3.0000 -3.6000 80 80 100
0.2000 -3.0000 3.6000 80 80 100
0.2000 -3.0000 3.8000 80 80 100
0.2000 -3.0000 4.0000 80 80 100
0.2000 -3.0000 4.2000 80 80 100
0.2000 -3.0000 4.4000 80 80 100
0.2000 -3.0000 4.6000 80 80 100
0.2000 -3.0000 4.8000 80 80 100
0.4000 -3.0000 -4.8000 80 80 100
0.4000 -3.0000 -4.6000 80 80 100
0.4000 -3.0000 -4.4000 80 80 100
0.4000 -3.0000 -4.2000 80 80 100
0.4000 -3.0000 -4.0000 80 80 100
0.4000 -3.0000 -3.8000 80 80 100
0.4000 -3.0000 -3.6000 80 80 100
0.4000 -3.0000 3.6000 80 80 100
0.4000 -3.0000 3.8000 80 80 100
0.4000 -3.0000 4.0000 80 80 100
0.4000 -3.0000 4.2000 80 80 100
0.4000 -3.0000 4.4000 80 80 100
0.4000 -3.0000 4.6000 80 80 100
0.4000 -3.0000 4.8000 80 80 100
0.6000 -3.0000 -4.8000 80 80 100
0.6000 -3.0000 -4.6000 80 80 100
0.6000 -3.0000 -4.4000 80 80 100
0.6000 -3.0000 -4.2000 80 80 100
0.6000 -3.0000 -4.0000 80 80 100
0.6000 -3.0000 -3.8000 80 80 100
0.6000 -3.0000 -3.6000 80 80 100
0.6000 -3.0000 3.6000 80 80 100
0.6000 -3.0000 3.8000 80 80 100
0.6000 -3.0000 4.0000 80 80 100
0.6000 -3.0000 4.2000 80 80 100
0.6000 -3.0000 4.4000 80 80 100
0.6000 -3.0000 4.6000 80 80 100
0.6000 -3.0000 4.8000 80 80 100
0.8000 -3.0000 -4.8000 80 80 100
0.8000 -3.0000 -4.6000 80 80 100
0.8000 -3.0000 -4.4000 80 80 100
0.8000 -3.0000 -4.2000 80 80 100
0.8000 -3.0000 -4.0000 80 80 100
0.8000 -3.0000 -3.8000 80 80 100
0.8000 -3.0000 -3.6000 80 80 100
0.8000 -3.0000 3.6000 80 80 100
0.8000 -3.0000 3.8000 80 80 100
0.8000 -3.0000 4.0000 80 80 100
0.8000 -3.0000 4.2000 80 80 100
0.8000 -3.0000 4.4000 80 80 100
0.8000 -3.0000 4.6000 80 80 100
0.8000 -3.0000 4.8000 80 80 100
1.0000 -3.0000 -4.8000 80 80 100
1.0000 -3.0000 -4.6000 80 80 100
1.0000 -3.0000 -4.4000 80 80 100
1.0000 -3.0000 -4.2000 80 80 100
1.0000 -3.0000 -4.0000 80 80 100
1.0000 -3.0000 -3.8000 80 80 100
1.0000 -3.0000 -3.6000 80 80 100
1.0000 -3.0000 -3.4000 80 80 100
1.0000 -3.0000 3.4000 80 80 100
1.0000 -3.0000 3.6000 80 80 100
1.0000 -3.0000 3.8000 80 80 100
1.0000 -3.0000 4.0000 80 80 100
1.0000 -3.0000 4.2000 80 80 100
1.0000 -3.0000 4.4000 80 80 100
1.0000 -3.0000 4.6000 80 80 100
1.0000 -3.0000 4.8000 80 80 100
1.2000 -3.0000 -4.8000 80 80 100
1.2000 -3.0000 -4.6000 80 80 100
1.2000 -3.0000 -4.4000 80 80 100
1.2000 -3.0000 -4.2000 80 80 100
1.2000 -3.0000 -4.0000 80 80 100
1.2000 -3.0000 -3.8000 80 80 100
1.2000 -3.0000 -3.6000 80 80 100
1.2000 -3.0000 -3.4000 80 80 100
1.2000 -3.0000 3.4000 80 80 100
1.2000 -3.0000 3.6000 80 80 100
1.2000 -3.0000 3.8000 80 80 100
1.2000 -3.0000 4.0000 80 80 100
1.2000 -3.0000 4.2000 80 80 100
1.2000 -3.0000 4.4000 80 80 100
1.2000 -3.0000 4.6000 80 80 100
1.2000 -3.0000 4.8000 80 80 100
1.4000 -3.0000 -4.6000 80 80 100
1.4000 -3.0000 -4.4000 80 80 100
1.4000 -3.0000 -4.2000 80 80 100
1.4000 -3.0000 -4.0000 80 80 100
1.4000 -3.0000 -3.8000 80 80 100
1.4000 -3.0000 -3.6000 80 80 100
1.4000 -3.0000 -3.4000 80 80 100
1.4000 -3.0000 3.4000 80 80 100
1.4000 -3.0000 3.6000 80 80 100
1.4000 -3.0000 3.8000 80 80 100
1.4000 -3.0000 4.0000 80 80 100
1.4000 -3.0000 4.2000 80 80 100
1.4000 -3.0000 4.4000 80 80 100
1.4000 -3.0000 4.6000 80 80 100
1.6000 -3.0000 -4.6000 80 80 100
1.6000 -3.0000 -4.4000 80 80 100
1.6000 -3.0000 -4.2000 80 80 100
1.6000 -3.0000 -4.0000 80 80 100
1.6000 -3.0000 -3.8000 80 80 100
1.6000 -3.0000 -3.6000 80 80 100
1.6000 -3.0000 -3.4000 80 80 100
1.6000 -3.0000 -3.2000 80 80 100
1.6000 -3.0000 3.2000 80 80 100
1.6000 -3.0000 3.4000 80 80 100
1.6000 -3.0000 3.6000 80 80 100
1.6000 -3.0000 3.8000 80 80 100
1.6000 -3.0000 4.0000 80 80 100
1.6000 -3.0000 4.2000 80 80 100
1.6000 -3.0000 4.4000 80 80 100
1.6000 -3.0000 4.6000 80 80 100
1.8000 -3.0000 -4.6000 80 80 100
1.8000 -3.0000 -4.4000 80 80 100
1.8000 -3.0000 -4.2000 80 80 100
1.8000 -3.0000 -4.0000 80 80 100
1.8000 -3.0000 -3.8000 80 80 100
1.8000 -3.0000 -3.6000 80 80 100
1.8000 -3.0000 -3.4000 80 80 100
1.8000 -3.0000 -3.2000 80 80 100
1.8000 -3.0000 3.2000 80 80 100
1.8000 -3.0000 3.4000 80 80 100
1.8000 -3.0000 3.6000 80 80 100
1.8000 -3.0000 3.8000 80 80 100
1.8000 -3.0000 4.0000 80 80 100
1.8000 -3.0000 4.2000 80 80 100
1.8000 -3.0000 4.4000 80 80 100
1.8000 -3.0000 4.6000 80 80 100
2.0000 -3.0000 -4.4000 80 80 100
2.0000 -3.0000 -4.2000 80 80 100
2.0000 -3.0000 -4.0000 80 80 100
2.0000 -3.0000 -3.8000 80 80 100
2.0000 -3.0000 -3.6000 80 80 100
2.0000 -3.0000 -3.4000 80 80 100
2.0000 -3.0000 -3.2000 80 80 100
2.0000 -3.0000 -3.0000 80 80 100
2.0000 -3.0000 3.0000 80 80 100
2.0000 -3.0000 3.2000 80 80 100
2.0000 -3.0000 3.4000 80 80 100
2.0000 -3.0000 3.6000 80 80 100
2.0000 -3.0000 3.8000 80 80 100
2.0000 -3.0000 4.0000 80 80 100
2.0000 -3.0000 4.2000 80 80 100
2.0000 -3.0000 4.4000 80 80 100
2.2000 -3.0000 -4.4000 80 80 100
2.2000 -3.0000 -4.2000 80 80 100
2.2000 -3.0000 -4.0000 80 80 100
2.2000 -3.0000 -3.8000 80 80 100
2.2000 -3.0000 -3.6000 80 80 100
2.2000 -3.0000 -3.4000 80 80 100
2.2000 -3.0000 -3.2000 80 80 100
2.2000 -3.0000 -3.0000 80 80 100
2.2000 -3.0000 -2.8000 80 80 100
2.2000 -3.0000 2.8000 80 80 100
2.2000 -3.0000 3.0000 80 80 100
2.2000 -3.0000 3.2000 80 80 100
2.2000 -3.0000 3.4000 80 80 100
2.2000 -3.0000 3.6000 80 80 100
2.2000 -3.0000 3.8000 80 80 100
2.2000 -3.0000 4.0000 80 80 100
2.2000 -3.0000 4.2000 80 80 100
2.2000 -3.0000 4.4000 80 80 100
2.4000 -3.0000 -4.2000 80 80 100
2.4000 -3.0000 -4.0000 80 80 100
2.4000 -3.0000 -3.8000 80 80 100
2.4000 -3.0000 -3.6000 80 80 100
2.4000 -3.0000 -3.4000 80 80 100
2.4000 -3.0000 -3.2000 80 80 100
2.4000 -3.0000 -3.0000 80 80 100
2.4000 -3.0000 -2.8000 80 80 100
2.4000 -3.0000 -2.6000 80 80 100
2.4000 -3.0000 2.6000 80 80 100
2.4000 -3.0000 2.8000 80 80 100
2.4000 -3.0000 3.0000 80 80 100
2.4000 -3.0000 3.2000 80 80 100
2.4000 -3.0000 3.4000 80 80 100
2.4000 -3.0000 3.6000 80 80 100
2.4000 -3.0000 3.8000 80 80 100
2.4000 -3.0000 4.0000 80 80 100
2.4000 -3.0000 4.2000 80 80 100
2.6000 -3.0000 -4.2000 80 80 100
2.6000 -3.0000 -4.0000 80 80 100
2.6000 -3.0000 -3.8000 80 80 100
2.6000 -3.0000 -3.6000 80 80 100
2.6000 -3.0000 -3.4000 80 80 100
2.6000 -3.0000 -3.2000 80 80 100
2.6000 -3.0000 -3.0000 80 80 100
2.6000 -3.0000 -2.8000 80 80 100
2.6000 -3.0000 -2.6000 80 80 100
2.6000 -3.0000 -2.4000 80 80 100
2.6000 -3.0000 2.4000 80 80 100
2.6000 -3.0000 2.6000 80 80 100
2.6000 -3.0000 2.8000 80 80 100
2.6000 -3.0000 3.0000 80 80 100
2.6000 -3.0000 3.2000 80 80 100
2.6000 -3.0000 3.4000 80 80 100
2.6000 -3.0000 3.6000 80 80 100
2.6000 -3.0000 3.8000 80 80 100
2.6000 -3.0000 4.0000 80 80 100
2.6000 -3.0000 4.2000 80 80 100
2.8000 -3.0000 -4.0000 80 80 100
2.8000 -3.0000 -3.8000 80 80 100
2.8000 -3.0000 -3.6000 80 80 100
2.8000 -3.0000 -3.4000 80 80 100
2.8000 -3.0000 -3.2000 80 80 100
2.8000 -3.0000 -3.0000 80 80 100
2.8000 -3.0000 -2.8000 80 80 100
2.8000 -3.0000 -2.6000 80 80 100
2.8000 -3.0000 -2.4000 80 80 100
2.8000 -3.0000 -2.2000 80 80 100
2.8000 -3.0000 2.2000 80 80 100
2.8000 -3.0000 2.4000 80 80 100
2.8000 -3.0000 2.6000 80 80 100
2.8000 -3.0000 2.8000 80 80 100
2.8000 -3.0000 3.0000 80 80 100
2.8000 -3.0000 3.2000 80 80 100
2.8000 -3.0000 3.4000 80 80 100
2.8000 -3.0000 3.6000 80 80 100
2.8000 -3.0000 3.8000 80 80 100
2.8000 -3.0000 4.0000 80 80 100
3.0000 -3.0000 -3.8000 80 80 100
3.0000 -3.0000 -3.6000 80 80 100
3.0000 -3.0000 -3.4000 80 80 100
3.0000 -3.0000 -3.2000 80 80 100
3.0000 -3.0000 -3.0000 80 80 100
3.0000 -3.0000 -2.8000 80 80 100
3.0000 -3.0000 -2.6000 80 80 100
3.0000 -3.0000 -2.4000 80 80 100
3.0000 -3.0000 -2.2000 80 80 100
3.0000 -3.0000 -2.0000 80 80 100
3.0000 -3.0000 2.0000 80 80 100
3.0000 -3.0000 2.2000 80 80 100
3.0000 -3.0000 2.4000 80 80 100
3.0000 -3.0000 2.6000 80 80 100
3.0000 -3.0000 2.8000 80 80 100
3.0000 -3.0000 3.0000 80 80 100
3.0000 -3.0000 3.2000 80 80 100
3.0000 -3.0000 3.4000 80 80 100
3.0000 -3.0000 3.6000 80 80 100
3.0000 -3.0000 3.8000 80 80 100
3.2000 -3.0000 -3.8000 80 80 100
3.2000 -3.0000 -3.6000 80 80 100
3.2000 -3.0000 -3.4000 80 80 100
3.2000 -3.0000 -3.2000 80 80 100
3.2000 -3.0000 -3.0000 80 80 100
3.2000 -3.0000 -2.8000 80 80 100
3.2000 -3.0000 -2.6000 80 80 100
3.2000 -3.0000 -2.4000 80 80 100
3.2000 -3.0000 -2.2000 80 80 100
3.2000 -3.0000 -2.0000 80 80 100
3.2000 -3.0000 -1.8000 80 80 100
3.2000 -3.0000 -1.6000 80 80 100
3.2000 -3.0000 1.6000 80 80 100
3.2000 -3.0000 1.8000 80 80 100
3.2000 -3.0000 2.0000 80 80 100
3.2000 -3.0000 2.2000 80 80 100
3.2000 -3.0000 2.4000 80 80 100
3.2000 -3.0000 2.6000 80 80 100
3.2000 -3.0000 2.8000 80 80 100
3.2000 -3.0000 3.0000 80 80 100
3.2000 -3.0000 3.2000 80 80 100
3.2000 -3.0000 3.4000 80 80 100
3.2000 -3.0000 3.6000 80 80 100
3.2000 -3.0000 3.8000 80 80 100
3.4000 -3.0000 -3.6000 80 80 100
3.4000 -3.0000 -3.4000 80 80 100
3.4000 -3.0000 -3.2000 80 80 100
3.4000 -3.0000 -3.0000 80 80 100
3.4000 -3.0000 -2.8000 80 80 100
3.4000 -3.0000 -2.6000 80 80 100
3.4000 -3.0000 -2.4000 80 80 100
3.4000 -3.0000 -2.2000 80 80 100
3.4000 -3.0000 -2.0000 80 80 100
3.4000 -3.0000 -1.8000 80 80 100
3.4000 -3.0000 -1.6000 80 80 100
3.4000 -3.0000 -1.4000 80 80 100
3.4000 -3.0000 -1.2000 80 80 100
3.4000 -3.0000 -1.0000 80 80 100
3.4000 -3.0000 1.0000 80 80 100
3.4000 -3.0000 1.2000 80 80 100
3.4000 -3.0000 1.4000 80 80 100
3.4000 -3.0000 1.6000 80 80 100
3.4000 -3.0000 1.8000 80 80 100
3.4000 -3.0000 2.0000 80 80 100
3.4000 -3.0000 2.2000 80 80 100
3.4000 -3.0000 2.4000 80 80 100
3.4000 -3.0000 2.6000 80 80 100
3.4000 -3.0000 2.8000 80 80 100
3.4000 -3.0000 3.0000 80 80 100
3.4000 -3.0000 3.2000 80 80 100
3.4000 -3.0000 3.4000 80 80 100
3.4000 -3.0000 3.6000 80 80 100
3.6000 -3.0000 -3.4000 80 80 100
3.6000 -3.0000 -3.2000 80 80 100
3.6000 -3.0000 -3.0000 80 80 100
3.6000 -3.0000 -2.8000 80 80 100
3.6000 -3.0000 -2.6000 80 80 100
3.6000 -3.0000 -2.4000 80 80 100
3.6000 -3.0000 -2.2000 80 80 100
3.6000 -3.0000 -2.0000 80 80 100
3.6000 -3.0000 -1.8000 80 80 100
3.6000 -3.0000 -1.6000 80 80 100
3.6000 -3.0000 -1.4000 80 80 100
3.6000 -3.0000 -1.2000 80 80 100
3.6000 -3.0000 -1.0000 80 80 100
3.6000 -3.0000 -0.8000 80 80 100
3.6000 -3.0000 -0.6000 80 80 100
3.6000 -3.0000 -0.4000 80 80 100
3.6000 -3.0000 -0.2000 80 80 100
3.6000 -3.0000 0.0000 80 80 100
3.6000 -3.0000 0.2000 80 80 100
3.6000 -3.0000 0.4000 80 80 100
3.6000 -3.0000 0.6000 80 80 100
3.6000 -3.0000 0.8000 80 80 100
3.6000 -3.0000 1.0000 80 80 100
3.6000 -3.0000 1.2000 80 80 100
3.6000 -3.0000 1.4000 80 80 100
3.6000 -3.0000 1.6000 80 80 100
3.6000 -3.0000 1.8000 80 80 100
3.6000 -3.0000 2.0000 80 80 100
3.6000 -3.0000 2.2000 80 80 100
3.6000 -3.0000 2.4000 80 80 100
3.6000 -3.0000 2.6000 80 80 100
3.6000 -3.0000 2.8000 80 80 100
3.6000 -3.0000 3.0000 80 80 100
3.6000 -3.0000 3.2000 80 80 100
3.6000 -3.0000 3.4000 80 80 100
3.8000 -3.0000 -3.2000 80 80 100
3.8000 -3.0000 -3.0000 80 80 100
3.8000 -3.0000 -2.8000 80 80 100
3.8000 -3.0000 -2.6000 80 80 100
3.8000 -3.0000 -2.4000 80 80 100
3.8000 -3.0000 -2.2000 80 80 100
3.8000 -3.0000 -2.0000 80 80 100
3.8000 -3.0000 -1.8000 80 80 100
3.8000 -3.0000 -1.6000 80 80 100
3.8000 -3.0000 -1.4000 80 80 100
3.8000 -3.0000 -1.2000 80 80 100
3.8000 -3.0000 -1.0000 80 80 100
3.8000 -3.0000 -0.8000 80 80 100
3.8000 -3.0000 -0.6000 80 80 100
3.8000 -3.0000 -0.4000 80 80 100
3.8000 -3.0000 -0.2000 80 80 100
3.8000 -3.0000 0.0000 80 80 100
3.8000 -3.0000 0.2000 80 80 100
3.8000 -3.0000 0.4000 80 80 100
3.8000 -3.0000 0.6000 80 80 100
3.8000 -3.0000 0.8000 80 80 100
3.8000 -3.0000 1.0000 80 80 100
3.8000 -3.0000 1.2000 80 80 100
3.8000 -3.0000 1.4000 80 80 100
3.8000 -3.0000 1.6000 80 80 100
3.8000 -3.0000 1.8000 80 80 100
3.8000 -3.0000 2.0000 80 80 100
3.8000 -3.0000 2.2000 80 80 100
3.8000 -3.0000 2.4000 80 80 100
3.8000 -3.0000 2.6000 80 80 100
3.8000 -3.0000 2.8000 80 80 100
3.8000 -3.0000 3.0000 80 80 100
3.8000 -3.0000 3.2000 80 80 100
4.0000 -3.0000 -2.8000 80 80 100
4.0000 -3.0000 -2.6000 80 80 100
4.0000 -3.0000 -2.4000 80 80 100
4.0000 -3.0000 -2.2000 80 80 100
4.0000 -3.0000 -2.0000 80 80 100
4.0000 -3.0000 -1.8000 80 80 100
4.0000 -3.0000 -1.6000 80 80 100
4.0000 -3.0000 -1.4000 80 80 100
4.0000 -3.0000 -1.2000 80 80 100
4.0000 -3.0000 -1.0000 80 80 100
4.0000 -3.0000 -0.8000 80 80 100
4.0000 -3.0000 -0.6000 80 80 100
4.0000 -3.0000 -0.4000 80 80 100
4.0000 -3.0000 -0.2000 80 80 100
4.0000 -3.0000 0.0000 80 80 100
4.0000 -3.0000 0.2000 80 80 100
4.0000 -3.0000 0.4000 80 80 100
4.0000 -3.0000 0.6000 80 80 100
4.0000 -3.0000 0.8000 80 80 100
4.0000 -3.0000 1.0000 80 80 100
4.0000 -3.0000 1.2000 80 80 100
4.0000 -3.0000 1.4000 80 80 100
4.0000 -3.0000 1.6000 80 80 100
4.0000 -3.0000 1.8000 80 80 100
4.0000 -3.0000 2.0000 80 80 100
4.0000 -3.0000 2.2000 80 80 100
4.0000 -3.0000 2.4000 80 80 100
4.0000 -3.0000 2.6000 80 80 100
4.0000 -3.0000 2.8000 80 80 100
4.2000 -3.0000 -2.6000 80 80 100
4.2000 -3.0000 -2.4000 80 80 100
4.2000 -3.0000 -2.2000 80 80 100
4.2000 -3.0000 -2.0000 80 80 100
4.2000 -3.0000 -1.8000 80 80 100
4.2000 -3.0000 -1.6000 80 80 100
4.2000 -3.0000 -1.4000 80 80 100
4.2000 -3.0000 -1.2000 80 80 100
4.2000 -3.0000 -1.0000 80 80 100
4.2000 -3.0000 -0.8000 80 80 100
4.2000 -3.0000 -0.6000 80 80 100
4.2000 -3.0000 -0.4000 80 80 100
4.2000 -3.0000 -0.2000 80 80 100
4.2000 -3.0000 0.0000 80 80 100
4.2000 -3.0000 0.2000 80 80 100
4.2000 -3.0000 0.4000 80 80 100
4.2000 -3.0000 0.6000 80 80 100
4.2000 -3.0000 0.8000 80 80 100
4.2000 -3.0000 1.0000 80 80 100
4.2000 -3.0000 1.2000 80 80 100
4.2000 -3.0000 1.4000 80 80 100
4.2000 -3.0000 1.6000 80 80 100
4.2000 -3.0000 1.8000 80 80 100
4.2000 -3.0000 2.0000 80 80 100
4.2000 -3.0000 2.2000 80 80 100
4.2000 -3.0000 2.4000 80 80 100
4.2000 -3.0000 2.6000 80 80 100
4.4000 -3.0000 -2.2000 80 80 100
4.4000 -3.0000 -2.0000 80 80 100
4.4000 -3.0000 -1.8000 80 80 100
4.4000 -3.0000 -1.6000 80 80 100
4.4000 -3.0000 -1.4000 80 80 100
4.4000 -3.0000 -1.2000 80 80 100
4.4000 -3.0000 -1.0000 80 80 100
4.4000 -3.0000 -0.8000 80 80 100
4.4000 -3.0000 -0.6000 80 80 100
4.4000 -3.0000 -0.4000 80 80 100
4.4000 -3.0000 -0.2000 80 80 100
4.4000 -3.0000 0.0000 80 80 100
4.4000 -3.0000 0.2000 80 80 100
4.4000 -3.0000 0.4000 80 80 100
4.4000 -3.0000 0.6000 80 80 100
4.4000 -3.0000 0.8000 80 80 100
4.4000 -3.0000 1.0000 80 80 100
4.4000 -3.0000 1.2000 80 80 100
4.4000 -3.0000 1.4000 80 80 100
4.4000 -3.0000 1.6000 80 80 100
4.4000 -3.0000 1.8000 80 80 100
4.4000 -3.0000 2.0000 80 80 100
4.4000 -3.0000 2.2000 80 80 100
4.6000 -3.0000 -1.8000 80 80 100
4.6000 -3.0000 -1.6000 80 80 100
4.6000 -3.0000 -1.4000 80 80 100
4.6000 -3.0000 -1.2000 80 80 100
4.6000 -3.0000 -1.0000 80 80 100
4.6000 -3.0000 -0.8000 80 80 100
4.6000 -3.0000 -0.6000 80 80 100
4.6000 -3.0000 -0.4000 80 80 100
4.6000 -3.0000 -0.2000 80 80 100
4.6000 -3.0000 0.0000 80 80 100
4.6000 -3.0000 0.2000 80 80 100
4.6000 -3.0000 0.4000 80 80 100
4.6000 -3.0000 0.6000 80 80 100
4.6000 -3.0000 0.8000 80 80 100
4.6000 -3.0000 1.0000 80 80 100
4.6000 -3.0000 1.2000 80 80 100
4.6000 -3.0000 1.4000 80 80 100
4.6000 -3.0000 1.6000 80 80 100
4.6000 -3.0000 1.8000 80 80 100
4.8000 -3.0000 -1.2000 80 80 100
4.8000 -3.0000 -1.0000 80 80 100
4.8000 -3.0000 -0.8000 80 80 100
4.8000 -3.0000 -0.6000 80 80 100
4.8000 -3.0000 -0.4000 80 80 100
4.8000 -3.0000 -0.2000 80 80 100
4.8000 -3.0000 0.0000 80 80 100
4.8000 -3.0000 0.2000 80 80 100
4.8000 -3.0000 0.4000 80 80 100
4.8000 -3.0000 0.6000 80 80 100
4.8000 -3.0000 0.8000 80 80 100
4.8000 -3.0000 1.0000 80 80 100
4.8000 -3.0000 1.2000 80 80 100
1.9000 0.0000 1.0000 255 255 0
1.8821 0.0000 1.1182 255 255 0
1.8301 0.0000 1.2259 255 255 0
1.7486 0.0000 1.3133 255 255 0
1.6449 0.0000 1.3728 255 255 0
1.5283 0.0000 1.3990 255 255 0
1.4091 0.0000 1.3895 255 255 0
1.2981 0.0000 1.3453 255 255 0
1.2050 0.0000 1.2702 255 255 0
1.1384 0.0000 1.1710 255 255 0
1.1040 0.0000 1.0564 255 255 0
1.1050 0.0000 0.9369 255 255 0
1.1413 0.0000 0.8230 255 255 0
1.2096 0.0000 0.7249 255 255 0
1.3039 0.0000 0.6514 255 255 0
1.4157 0.0000 0.6090 255 255 0
1.5350 0.0000 0.6015 255 255 0
1.6512 0.0000 0.6297 255 255 0
1.7539 0.0000 0.6909 255 255 0
1.8339 0.0000 0.7797 255 255 0
1.8841 0.0000 0.8882 255 255 0
1.8905 0.1897 1.0000 255 254 0
1.8727 0.1879 1.1182 255 254 0
1.8210 0.1827 1.2259 255 254 0
1.7399 0.1746 1.3133 255 254 0
1.6367 0.1642 1.3728 255 254 0
1.5207 0.1526 1.3990 255 254 0
1.4021 0.1407 1.3895 255 254 0
1.2916 0.1296 1.3453 255 254 0
1.1990 0.1203 1.2702 255 254 0
1.1327 0.1136 1.1710 255 254 0
1.0985 0.1102 1.0564 255 254 0
1.0995 0.1103 0.9369 255 254 0
1.1356 0.1139 0.8230 255 254 0
1.2036 0.1208 0.7249 255 254 0
1.2974 0.1302 0.6514 255 254 0
1.4086 0.1413 0.6090 255 254 0
1.5273 0.1532 0.6015 255 254 0
1.6429 0.1648 0.6297 255 254 0
1.7451 0.1751 0.6909 255 254 0
1.8247 0.1831 0.7797 255 254 0
1.8747 0.1881 0.8882 255 254 0
1.8621 0.3775 1.0000 255 253 0
1.8446 0.3739 1.1182 255 253 0
1.7937 0.3636 1.2259 255 253 0
1.7138 0.3474 1.3133 255 253 0
1.6122 0.3268 1.3728 255 253 0
1.4978 0.3036 1.3990 255 253 0
1.3810 0.2799 1.3895 255 253 0
1.2722 0.2579 1.3453 255 253 0
1.1810 0.2394 1.2702 255 253 0
1.1157 0.2262 1.1710 255 253 0
1.0820 0.2193 1.0564 255 253 0
1.0830 0.2195 0.9369 255 253 0
1.1185 0.2267 0.8230 255 253 0
1.1855 0.2403 0.7249 255 253 0
1.2779 0.2590 0.6514 255 253 0
1.3875 0.2813 0.6090 255 253 0
1.5044 0.3050 0.6015 255 253 0
1.6183 0.3280 0.6297 255 253 0
1.7189 0.3484 0.6909 255 253 0
1.7973 0.3643 0.7797 255 253 0
1.8465 0.3743 0.8882 255 253 0
1.8151 0.5615 1.0000 255 250 0
1.7981 0.5562 1.1182 255 250 0
1.7484 0.5408 1.2259 255 250 0
1.6705 0.5168 1.3133 255 250 0
1.5715 0.4861 1.3728 255 250 0
1.4600 0.4516 1.3990 255 250 0
1.3462 0.4164 1.3895 255 250 0
1.2401 0.3836 1.3453 255 250 0
1.1512 0.3561 1.2702 255 250 0
1.0875 0.3364 1.1710 255 250 0
1.0547 0.3263 1.0564 255 250 0
1.0557 0.3266 0.9369 255 250 0
1.0903 0.3373 0.8230 255 250 0
1.1556 0.3575 0.7249 255 250 0
1.2457 0.3853 0.6514 255 250 0
1.3525 0.4184 0.6090 255 250 0
1.4664 0.4536 0.6015 255 250 0
1.5774 0.4880 0.6297 255 250 0
1.6755 0.5183 0.6909 255 250 0
1.7520 0.5420 0.7797 255 250 0
1.7999 0.5568 0.8882 255 250 0
1.7500 0.7399 1.0000 255 247 0
1.7336 0.7329 1.1182 255 247 0
1.6857 0.7127 1.2259 255 247 0
1.6106 0.6810 1.3133 255 247 0
1.5151 0.6406 1.3728 255 247 0
1.4077 0.5951 1.3990 255 247 0
1.2979 0.5487 1.3895 255 247 0
1.1956 0.5055 1.3453 255 247 0
1.1099 0.4693 1.2702 255 247 0
1.0485 0.4433 1.1710 255 247 0
1.0169 0.4299 1.0564 255 247 0
1.0178 0.4303 0.9369 255 247 0
1.0512 0.4444 0.8230 255 247 0
1.1141 0.4711 0.7249 255 247 0
1.2010 0.5078 0.6514 255 247 0
1.3039 0.5513 0.6090 255 247 0
1.4138 0.5978 0.6015 255 247 0
1.5208 0.6430 0.6297 255 247 0
1.6154 0.6830 0.6909 255 247 0
1.6891 0.7141 0.7797 255 247 0
1.7353 0.7337 0.8882 255 247 0
1.6674 0.9109 1.0000 255 243 0
1.6517 0.9023 1.1182 255 243 0
1.6061 0.8774 1.2259 255 243 0
1.5346 0.8383 1.3133 255 243 0
1.4436 0.7886 1.3728 255 243 0
1.3412 0.7327 1.3990 255 243 0
1.2366 0.6756 1.3895 255 243 0
1.1392 0.6223 1.3453 255 243 0
1.0575 0.5777 1.2702 255 243 0
0.9990 0.5458 1.1710 255 243 0
0.9689 0.5293 1.0564 255 243 0
0.9697 0.5298 0.9369 255 243 0
1.0016 0.5472 0.8230 255 243 0
1.0615 0.5799 0.7249 255 243 0
1.1443 0.6251 0.6514 255 243 0
1.2424 0.6787 0.6090 255 243 0
1.3471 0.7359 0.6015 255 243 0
1.4491 0.7916 0.6297 255 243 0
1.5392 0.8409 0.6909 255 243 0
1.6094 0.8792 0.7797 255 243 0
1.6534 0.9033 0.8882 255 243 0
1.5681 1.0728 1.0000 255 239 0
1.5534 1.0627 1.1182 255 239 0
1.5105 1.0334 1.2259 255 239 0
1.4432 0.9874 1.3133 255 239 0
1.3576 0.9288 1.3728 255 239 0
1.2614 0.8629 1.3990 255 239 0
1.1630 0.7956 1.3895 255 239 0
1.0713 0.7329 1.3453 255 239 0
0.9946 0.6804 1.2702 255 239 0
0.9395 0.6428 1.1710 255 239 0
0.9112 0.6234 1.0564 255 239 0
0.9120 0.6239 0.9369 255 239 0
0.9420 0.6444 0.8230 255 239 0
0.9983 0.6830 0.7249 255 239 0
1.0762 0.7362 0.6514 255 239 0
1.1684 0.7994 0.6090 255 239 0
1.2669 0.8667 0.6015 255 239 0
1.3628 0.9323 0.6297 255 239 0
1.4475 0.9903 0.6909 255 239 0
1.5136 1.0355 0.7797 255 239 0
1.5550 1.0638 0.8882 255 239 0
1.4532 1.2240 1.0000 255 233 0
1.4395 1.2125 1.1182 255 233 0
1.3998 1.1790 1.2259 255 233 0
1.3374 1.1265 1.3133 255 233 0
1.2581 1.0597 1.3728 255 233 0
1.1689 0.9846 1.3990 255 233 0
1.0778 0.9078 1.3895 255 233 0
0.9928 0.8362 1.3453 255 233 0
0.9217 0.7763 1.2702 255 233 0
0.8707 0.7334 1.1710 255 233 0
0.8444 0.7112 1.0564 255 233 0
0.8452 0.7119 0.9369 255 233 0
0.8729 0.7352 0.8230 255 233 0
0.9252 0.7793 0.7249 255 233 0
0.9973 0.8400 0.6514 255 233 0
1.0828 0.9120 0.6090 255 233 0
1.1740 0.9889 0.6015 255 233 0
1.2629 1.0637 0.6297 255 233 0
1.3414 1.1299 0.6909 255 233 0
1.4026 1.1814 0.7797 255 233 0
1.4410 1.2138 0.8882 255 233 0
1.3237 1.3630 1.0000 255 227 0
1.3113 1.3502 1.1182 255 227 0
1.2751 1.3129 1.2259 255 227 0
1.2183 1.2544 1.3133 255 227 0
1.1460 1.1800 1.3728 255 227 0
1.0648 1.0963 1.3990 255 227 0
0.9817 1.0108 1.3895 255 227 0
0.9044 0.9312 1.3453 255 227 0
0.8396 0.8644 1.2702 255 227 0
0.7931 0.8166 1.1710 255 227 0
0.7692 0.7920 1.0564 255 227 0
0.7699 0.7927 0.9369 255 227 0
0.7951 0.8187 0.8230 255 227 0
0.8428 0.8677 0.7249 255 227 0
0.9084 0.9354 0.6514 255 227 0
0.9863 1.0155 0.6090 255 227 0
1.0694 1.1011 0.6015 255 227 0
1.1504 1.1845 0.6297 255 227 0
1.2219 1.2582 0.6909 255 227 0
1.2777 1.3155 0.7797 255 227 0
1.3126 1.3515 0.8882 255 227 0
1.1811 1.4883 1.0000 255 220 0
1.1700 1.4743 1.1182 255 220 0
1.1376 1.4336 1.2259 255 220 0
1.0870 1.3698 1.3133 255 220 0
1.0225 1.2885 1.3728 255 220 0
0.9500 1.1972 1.3990 255 220 0
0.8759 1.1038 1.3895 255 220 0
0.8069 1.0168 1.3453 255 220 0
0.7491 0.9439 1.2702 255 220 0
0.7076 0.8917 1.1710 255 220 0
0.6863 0.8648 1.0564 255 220 0
0.6869 0.8656 0.9369 255 220 0
0.7094 0.8940 0.8230 255 220 0
0.7519 0.9475 0.7249 255 220 0
0.8105 1.0214 0.6514 255 220 0
0.8800 1.1089 0.6090 255 220 0
0.9542 1.2024 0.6015 255 220 0
1.0264 1.2934 0.6297 255 220 0
1.0902 1.3739 0.6909 255 220 0
1.1400 1.4365 0.7797 255 220 0
1.1712 1.4758 0.8882 255 220 0
1.0266 1.5988 1.0000 255 213 0
1.0169 1.5838 1.1182 255 213 0
0.9888 1.5400 1.2259 255 213 0
0.9448 1.4714 1.3133 255 213 0
0.8888 1.3842 1.3728 255 213 0
0.8257 1.2860 1.3990 255 213 0
0.7614 1.1857 1.3895 255 213 0
0.7013 1.0923 1.3453 255 213 0
0.6511 1.0140 1.2702 255 213 0
0.6151 0.9579 1.1710 255 213 0
0.5965 0.9290 1.0564 255 213 0
0.5970 0.9298 0.9369 255 213 0
0.6166 0.9604 0.8230 255 213 0
0.6536 1.0179 0.7249 255 213 0
0.7045 1.0972 0.6514 255 213 0
0.7649 1.1913 0.6090 255 213 0
0.8294 1.2917 0.6015 255 213 0
0.8921 1.3894 0.6297 255 213 0
0.9476 1.4758 0.6909 255 213 0
0.9909 1.5432 0.7797 255 213 0
1.0180 1.5854 0.8882 255 213 0
0.8618 1.6933 1.0000 255 205 0
0.8537 1.6774 1.1182 255 205 0
0.8301 1.6310 1.2259 255 205 0
0.7932 1.5584 1.3133 255 205 0
0.7461 1.4660 1.3728 255 205 0
0.6932 1.3620 1.3990 255 205 0
0.6392 1.2558 1.3895 255 205 0
0.5888 1.1568 1.3453 255 205 0
0.5466 1.0739 1.2702 255 205 0
0.5164 1.0145 1.1710 255 205 0
0.5008 0.9839 1.0564 255 205 0
0.5012 0.9848 0.9369 255 205 0
0.5177 1.0171 0.8230 255 205 0
0.5487 1.0780 0.7249 255 205 0
0.5914 1.1620 0.6514 255 205 0
0.6421 1.2617 0.6090 255 205 0
0.6963 1.3680 0.6015 255 205 0
0.7490 1.4716 0.6297 255 205 0
0.7956 1.5631 0.6909 255 205 0
0.8318 1.6344 0.7797 255 205 0
0.8546 1.6791 0.8882 255 205 0
0.6885 1.7709 1.0000 255 197 0
0.6820 1.7542 1.1182 255 197 0
0.6632 1.7058 1.2259 255 197 0
0.6336 1.6298 1.3133 255 197 0
0.5961 1.5332 1.3728 255 197 0
0.5538 1.4244 1.3990 255 197 0
0.5106 1.3134 1.3895 255 197 0
0.4704 1.2098 1.3453 255 197 0
0.4367 1.1231 1.2702 255 197 0
0.4125 1.0610 1.1710 255 197 0
0.4000 1.0290 1.0564 255 197 0
0.4004 1.0299 0.9369 255 197 0
0.4136 1.0637 0.8230 255 197 0
0.4383 1.1274 0.7249 255 197 0
0.4725 1.2153 0.6514 255 197 0
0.5130 1.3195 0.6090 255 197 0
0.5562 1.4307 0.6015 255 197 0
0.5983 1.5390 0.6297 255 197 0
0.6355 1.6347 0.6909 255 197 0
0.6645 1.7093 0.7797 255 197 0
0.6827 1.7560 0.8882 255 197 0
0.5082 1.8308 1.0000 255 189 0
0.5035 1.8135 1.1182 255 189 0
0.4896 1.7634 1.2259 255 189 0
0.4678 1.6849 1.3133 255 189 0
0.4400 1.5850 1.3728 255 189 0
0.4088 1.4726 1.3990 255 189 0
0.3769 1.3578 1.3895 255 189 0
0.3472 1.2508 1.3453 255 189 0
0.3223 1.1611 1.2702 255 189 0
0.3045 1.0969 1.1710 255 189 0
0.2953 1.0638 1.0564 255 189 0
0.2956 1.0647 0.9369 255 189 0
0.3053 1.0997 0.8230 255 189 0
0.3236 1.1655 0.7249 255 189 0
0.3488 1.2564 0.6514 255 189 0
0.3787 1.3641 0.6090 255 189 0
0.4106 1.4791 0.6015 255 189 0
0.4417 1.5910 0.6297 255 189 0
0.4692 1.6900 0.6909 255 189 0
0.4906 1.7671 0.7797 255 189 0
0.5040 1.8154 0.8882 255 189 0
0.3229 1.8724 1.0000 255 180 0
0.3199 1.8547 1.1182 255 180 0
0.3111 1.8035 1.2259 255 180 0
0.2972 1.7232 1.3133 255 180 0
0.2796 1.6210 1.3728 255 180 0
0.2598 1.5061 1.3990 255 180 0
0.2395 1.3886 1.3895 255 180 0
0.2206 1.2792 1.3453 255 180 0
0.2048 1.1875 1.2702 255 180 0
0.1935 1.1218 1.1710 255 180 0
0.1876 1.0879 1.0564 255 180 0
0.1878 1.0889 0.9369 255 180 0
0.1940 1.1247 0.8230 255 180 0
0.2056 1.1920 0.7249 255 180 0
0.2216 1.2849 0.6514 255 180 0
0.2406 1.3951 0.6090 255 180 0
0.2609 1.5127 0.6015 255 180 0
0.2806 1.6272 0.6297 255 180 0
0.2981 1.7284 0.6909 255 180 0
0.3117 1.8072 0.7797 255 180 0
0.3202 1.8567 0.8882 255 180 0
0.1344 1.8952 1.0000 255 171 0
0.1331 1.8774 1.1182 255 171 0
0.1295 1.8255 1.2259 255 171 0
0.1237 1.7443 1.3133 255 171 0
0.1164 1.6408 1.3728 255 171 0
0.1081 1.5245 1.3990 255 171 0
0.0997 1.4056 1.3895 255 171 0
0.0918 1.2948 1.3453 255 171 0
0.0852 1.2020 1.2702 255 171 0
0.0805 1.1355 1.1710 255 171 0
0.0781 1.1012 1.0564 255 171 0
0.0782 1.1022 0.9369 255 171 0
0.0807 1.1384 0.8230 255 171 0
0.0856 1.2066 0.7249 255 171 0
0.0922 1.3006 0.6514 255 171 0
0.1001 1.4121 0.6090 255 171 0
0.1086 1.5312 0.6015 255 171 0
0.1168 1.6471 0.6297 255 171 0
0.1241 1.7495 0.6909 255 171 0
0.1297 1.8293 0.7797 255 171 0
0.1333 1.8793 0.8882 255 171 0
-0.0555 1.8992 1.0000 255 162 0
-0.0550 1.8813 1.1182 255 162 0
-0.0534 1.8294 1.2259 255 162 0
-0.0511 1.7479 1.3133 255 162 0
-0.0480 1.6442 1.3728 255 162 0
-0.0446 1.5276 1.3990 255 162 0
-0.0411 1.4085 1.3895 255 162 0
-0.0379 1.2975 1.3453 255 162 0
-0.0352 1.2045 1.2702 255 162 0
-0.0332 1.1379 1.1710 255 162 0
-0.0322 1.1035 1.0564 255 162 0
-0.0323 1.1045 0.9369 255 162 0
-0.0333 1.1408 0.8230 255 162 0
-0.0353 1.2091 0.7249 255 162 0
-0.0381 1.3033 0.6514 255 162 0
-0.0413 1.4151 0.6090 255 162 0
-0.0448 1.5343 0.6015 255 162 0
-0.0482 1.6505 0.6297 255 162 0
-0.0512 1.7531 0.6909 255 162 0
-0.0535 1.8331 0.7797 255 162 0
-0.0550 1.8833 0.8882 255 162 0
-0.2448 1.8842 1.0000 255 153 0
-0.2425 1.8664 1.1182 255 153 0
-0.2358 1.8149 1.2259 255 153 0
-0.2253 1.7341 1.3133 255 153 0
-0.2119 1.6312 1.3728 255 153 0
-0.1969 1.5156 1.3990 255 153 0
-0.1816 1.3974 1.3895 255 153 0
-0.1672 1.2872 1.3453 255 153 0
-0.1553 1.1950 1.2702 255 153 0
-0.1467 1.1289 1.1710 255 153 0
-0.1422 1.0948 1.0564 255 153 0
-0.1424 1.0958 0.9369 255 153 0
-0.1470 1.1318 0.8230 255 153 0
-0.1559 1.1995 0.7249 255 153 0
-0.1680 1.2930 0.6514 255 153 0
-0.1824 1.4039 0.6090 255 153 0
-0.1978 1.5222 0.6015 255 153 0
-0.2127 1.6374 0.6297 255 153 0
-0.2260 1.7393 0.6909 255 153 0
-0.2363 1.8186 0.7797 255 153 0
-0.2428 1.8684 0.8882 255 153 0
-0.4317 1.8503 1.0000 255 144 0
-0.4276 1.8329 1.1182 255 144 0
-0.4158 1.7823 1.2259 255 144 0
-0.3973 1.7029 1.3133 255 144 0
-0.3737 1.6019 1.3728 255 144 0
-0.3472 1.4883 1.3990 255 144 0
-0.3202 1.3723 1.3895 255 144 0
-0.2949 1.2641 1.3453 255 144 0
-0.2738 1.1735 1.2702 255 144 0
-0.2586 1.1086 1.1710 255 144 0
-0.2508 1.0751 1.0564 255 144 0
-0.2511 1.0761 0.9369 255 144 0
-0.2593 1.1114 0.8230 255 144 0
-0.2748 1.1780 0.7249 255 144 0
-0.2962 1.2698 0.6514 255 144 0
-0.3216 1.3787 0.6090 255 144 0
-0.3488 1.4949 0.6015 255 144 0
-0.3752 1.6080 0.6297 255 144 0
-0.3985 1.7080 0.6909 255 144 0
-0.4167 1.7859 0.7797 255 144 0
-0.4281 1.8348 0.8882 255 144 0
-0.6143 1.7980 1.0000 255 135 0
-0.6085 1.7811 1.1182 255 135 0
-0.5917 1.7319 1.2259 255 135 0
-0.5653 1.6547 1.3133 255 135 0
-0.5318 1.5566 1.3728 255 135 0
-0.4941 1.4462 1.3990 255 135 0
-0.4556 1.3334 1.3895 255 135 0
-0.4196 1.2284 1.3453 255 135 0
-0.3896 1.1403 1.2702 255 135 0
-0.3680 1.0772 1.1710 255 135 0
-0.3569 1.0447 1.0564 255 135 0
-0.3572 1.0457 0.9369 255 135 0
-0.3690 1.0800 0.8230 255 135 0
-0.3911 1.1447 0.7249 255 135 0
-0.4215 1.2339 0.6514 255 135 0
-0.4577 1.3397 0.6090 255 135 0
-0.4962 1.4526 0.6015 255 135 0
-0.5338 1.5625 0.6297 255 135 0
-0.5670 1.6597 0.6909 255 135 0
-0.5929 1.7354 0.7797 255 135 0
-0.6091 1.7829 0.8882 255 135 0
-0.7907 1.7277 1.0000 255 127 0
-0.7832 1.7114 1.1182 255 127 0
-0.7616 1.6641 1.2259 255 127 0
-0.7277 1.5900 1.3133 255 127 0
-0.6845 1.4957 1.3728 255 127 0
-0.6360 1.3897 1.3990 255 127 0
-0.5864 1.2813 1.3895 255 127 0
-0.5402 1.1803 1.3453 255 127 0
-0.5015 1.0957 1.2702 255 127 0
-0.4737 1.0351 1.1710 255 127 0
-0.4594 1.0039 1.0564 255 127 0
-0.4598 1.0048 0.9369 255 127 0
-0.4749 1.0378 0.8230 255 127 0
-0.5034 1.0999 0.7249 255 127 0
-0.5426 1.1856 0.6514 255 127 0
-0.5891 1.2873 0.6090 255 127 0
-0.6388 1.3958 0.6015 255 127 0
-0.6871 1.5014 0.6297 255 127 0
-0.7299 1.5948 0.6909 255 127 0
-0.7632 1.6675 0.7797 255 127 0
-0.7840 1.7132 0.8882 255 127 0
-0.9592 1.6401 1.0000 255 119 0
-0.9502 1.6247 1.1182 255 119 0
-0.9239 1.5798 1.2259 255 119 0
-0.8828 1.5094 1.3133 255 119 0
-0.8304 1.4199 1.3728 255 119 0
-0.7716 1.3192 1.3990 255 119 0
-0.7114 1.2164 1.3895 255 119 0
-0.6553 1.1205 1.3453 255 119 0
-0.6084 1.0402 1.2702 255 119 0
-0.5747 0.9827 1.1710 255 119 0
-0.5574 0.9530 1.0564 255 119 0
-0.5579 0.9539 0.9369 255 119 0
-0.5762 0.9852 0.8230 255 119 0
-0.6107 1.0442 0.7249 255 119 0
-0.6583 1.1255 0.6514 255 119 0
-0.7147 1.2220 0.6090 255 119 0
-0.7749 1.3250 0.6015 255 119 0
-0.8336 1.4253 0.6297 255 119 0
-0.8854 1.5140 0.6909 255 119 0
-0.9258 1.5830 0.7797 255 119 0
-0.9512 1.6263 0.8882 255 119 0
-1.1182 1.5361 1.0000 255 112 0
-1.1076 1.5217 1.1182 255 112 0
-1.0770 1.4797 1.2259 255 112 0
-1.0291 1.4138 1.3133 255 112 0
-0.9681 1.3299 1.3728 255 112 0
-0.8994 1.2356 1.3990 255 112 0
-0.8293 1.1393 1.3895 255 112 0
-0.7639 1.0495 1.3453 255 112 0
-0.7092 0.9743 1.2702 255 112 0
-0.6699 0.9204 1.1710 255 112 0
-0.6497 0.8926 1.0564 255 112 0
-0.6503 0.8934 0.9369 255 112 0
-0.6717 0.9227 0.8230 255 112 0
-0.7119 0.9780 0.7249 255 112 0
-0.7673 1.0542 0.6514 255 112 0
-0.8331 1.1446 0.6090 255 112 0
-0.9033 1.2410 0.6015 255 112 0
-0.9717 1.3350 0.6297 255 112 0
-1.0322 1.4180 0.6909 255 112 0
-1.0792 1.4827 0.7797 255 112 0
-1.1088 1.5233 0.8882 255 112 0
-1.2659 1.4168 1.0000 255 105 0
-1.2540 1.4035 1.1182 255 105 0
-1.2194 1.3647 1.2259 255 105 0
-1.1651 1.3040 1.3133 255 105 0
-1.0960 1.2266 1.3728 255 105 0
-1.0183 1.1397 1.3990 255 105 0
-0.9389 1.0508 1.3895 255 105 0
-0.8649 0.9680 1.3453 255 105 0
-0.8029 0.8986 1.2702 255 105 0
-0.7585 0.8489 1.1710 255 105 0
-0.7356 0.8233 1.0564 255 105 0
-0.7362 0.8240 0.9369 255 105 0
-0.7604 0.8511 0.8230 255 105 0
-0.8059 0.9020 0.7249 255 105 0
-0.8688 0.9723 0.6514 255 105 0
-0.9432 1.0557 0.6090 255 105 0
-1.0227 1.1447 0.6015 255 105 0
-1.1001 1.2313 0.6297 255 105 0
-1.1686 1.3079 0.6909 255 105 0
-1.2219 1.3675 0.7797 255 105 0
-1.2553 1.4050 0.8882 255 105 0
-1.4010 1.2834 1.0000 255 98 0
-1.3879 1.2713 1.1182 255 98 0
-1.3495 1.2362 1.2259 255 98 0
-1.2894 1.1811 1.3133 255 98 0
-1.2130 1.1111 1.3728 255 98 0
-1.1270 1.0323 1.3990 255 98 0
-1.0391 0.9518 1.3895 255 98 0
-0.9572 0.8768 1.3453 255 98 0
-0.8886 0.8140 1.2702 255 98 0
-0.8394 0.7689 1.1710 255 98 0
-0.8141 0.7457 1.0564 255 98 0
-0.8148 0.7464 0.9369 255 98 0
-0.8416 0.7709 0.8230 255 98 0
-0.8920 0.8171 0.7249 255 98 0
-0.9615 0.8807 0.6514 255 98 0
-1.0439 0.9562 0.6090 255 98 0
-1.1319 1.0368 0.6015 255 98 0
-1.2176 1.1153 0.6297 255 98 0
-1.2933 1.1847 0.6909 255 98 0
-1.3523 1.2387 0.7797 255 98 0
-1.3893 1.2726 0.8882 255 98 0
-1.5222 1.1371 1.0000 255 92 0
-1.5079 1.1264 1.1182 255 92 0
-1.4662 1.0953 1.2259 255 92 0
-1.4009 1.0465 1.3133 255 92 0
-1.3178 0.9845 1.3728 255 92 0
-1.2244 0.9146 1.3990 255 92 0
-1.1289 0.8433 1.3895 255 92 0
-1.0399 0.7769 1.3453 255 92 0
-0.9654 0.7212 1.2702 255 92 0
-0.9120 0.6813 1.1710 255 92 0
-0.8845 0.6607 1.0564 255 92 0
-0.8853 0.6613 0.9369 255 92 0
-0.9143 0.6830 0.8230 255 92 0
-0.9691 0.7239 0.7249 255 92 0
-1.0446 0.7803 0.6514 255 92 0
-1.1342 0.8472 0.6090 255 92 0
-1.2298 0.9187 0.6015 255 92 0
-1.3228 0.9882 0.6297 255 92 0
-1.4051 1.0496 0.6909 255 92 0
-1.4692 1.0975 0.7797 255 92 0
-1.5094 1.1276 0.8882 255 92 0
-1.6281 0.9795 1.0000 255 87 0
-1.6128 0.9702 1.1182 255 87 0
-1.5682 0.9434 1.2259 255 87 0
-1.4984 0.9014 1.3133 255 87 0
-1.4095 0.8480 1.3728 255 87 0
-1.3096 0.7878 1.3990 255 87 0
-1.2075 0.7264 1.3895 255 87 0
-1.1123 0.6692 1.3453 255 87 0
-1.0326 0.6212 1.2702 255 87 0
-0.9755 0.5868 1.1710 255 87 0
-0.9460 0.5691 1.0564 255 87 0
-0.9469 0.5696 0.9369 255 87 0
-0.9780 0.5883 0.8230 255 87 0
-1.0365 0.6236 0.7249 255 87 0
-1.1173 0.6722 0.6514 255 87 0
-1.2131 0.7298 0.6090 255 87 0
-1.3153 0.7913 0.6015 255 87 0
-1.4149 0.8512 0.6297 255 87 0
-1.5029 0.9041 0.6909 255 87 0
-1.5714 0.9454 0.7797 255 87 0
-1.6144 0.9712 0.8882 255 87 0
-1.7177 0.8120 1.0000 255 83 0
-1.7016 0.8044 1.1182 255 83 0
-1.6546 0.7822 1.2259 255 83 0
-1.5809 0.7473 1.3133 255 83 0
-1.4871 0.7030 1.3728 255 83 0
-1.3817 0.6532 1.3990 255 83 0
-1.2739 0.6022 1.3895 255 83 0
-1.1735 0.5548 1.3453 255 83 0
-1.0894 0.5150 1.2702 255 83 0
-1.0292 0.4865 1.1710 255 83 0
-0.9981 0.4718 1.0564 255 83 0
-0.9990 0.4723 0.9369 255 83 0
-1.0318 0.4878 0.8230 255 83 0
-1.0936 0.5170 0.7249 255 83 0
-1.1788 0.5573 0.6514 255 83 0
-1.2799 0.6050 0.6090 255 83 0
-1.3878 0.6560 0.6015 255 83 0
-1.4928 0.7057 0.6297 255 83 0
-1.5856 0.7496 0.6909 255 83 0
-1.6580 0.7838 0.7797 255 83 0
-1.7033 0.8052 0.8882 255 83 0
-1.7902 0.6365 1.0000 255 80 0
-1.7734 0.6305 1.1182 255 80 0
-1.7244 0.6131 1.2259 255 80 0
-1.6476 0.5858 1.3133 255 80 0
-1.5499 0.5510 1.3728 255 80 0
-1.4400 0.5120 1.3990 255 80 0
-1.3277 0.4720 1.3895 255 80 0
-1.2231 0.4348 1.3453 255 80 0
-1.1354 0.4037 1.2702 255 80 0
-1.0726 0.3813 1.1710 255 80 0
-1.0402 0.3698 1.0564 255 80 0
-1.0412 0.3702 0.9369 255 80 0
-1.0754 0.3823 0.8230 255 80 0
-1.1397 0.4052 0.7249 255 80 0
-1.2286 0.4368 0.6514 255 80 0
-1.3339 0.4742 0.6090 255 80 0
-1.4463 0.5142 0.6015 255 80 0
-1.5558 0.5531 0.6297 255 80 0
-1.6525 0.5875 0.6909 255 80 0
-1.7279 0.6143 0.7797 255 80 0
-1.7752 0.6311 0.8882 255 80 0
-1.8448 0.4546 1.0000 255 77 0
-1.8275 0.4503 1.1182 255 77 0
-1.7770 0.4379 1.2259 255 77 0
-1.6979 0.4184 1.3133 255 77 0
-1.5972 0.3936 1.3728 255 77 0
-1.4839 0.3656 1.3990 255 77 0
-1.3682 0.3371 1.3895 255 77 0
-1.2604 0.3106 1.3453 255 77 0
-1.1700 0.2883 1.2702 255 77 0
-1.1053 0.2724 1.1710 255 77 0
-1.0719 0.2641 1.0564 255 77 0
-1.0729 0.2644 0.9369 255 77 0
-1.1082 0.2731 0.8230 255 77 0
-1.1745 0.2894 0.7249 255 77 0
-1.2660 0.3120 0.6514 255 77 0
-1.3746 0.3387 0.6090 255 77 0
-1.4904 0.3672 0.6015 255 77 0
-1.6032 0.3950 0.6297 255 77 0
-1.7029 0.4196 0.6909 255 77 0
-1.7806 0.4388 0.7797 255 77 0
-1.8294 0.4508 0.8882 255 77 0
-1.8810 0.2681 1.0000 255 75 0
-1.8633 0.2656 1.1182 255 75 0
-1.8118 0.2583 1.2259 255 75 0
-1.7311 0.2468 1.3133 255 75 0
-1.6285 0.2321 1.3728 255 75 0
-1.5130 0.2157 1.3990 255 75 0
-1.3950 0.1989 1.3895 255 75 0
-1.2851 0.1832 1.3453 255 75 0
-1.1930 0.1701 1.2702 255 75 0
-1.1270 0.1606 1.1710 255 75 0
-1.0930 0.1558 1.0564 255 75 0
-1.0939 0.1559 0.9369 255 75 0
-1.1299 0.1611 0.8230 255 75 0
-1.1975 0.1707 0.7249 255 75 0
-1.2908 0.1840 0.6514 255 75 0
-1.4015 0.1998 0.6090 255 75 0
-1.5196 0.2166 0.6015 255 75 0
-1.6347 0.2330 0.6297 255 75 0
-1.7363 0.2475 0.6909 255 75 0
-1.8155 0.2588 0.7797 255 75 0
-1.8652 0.2659 0.8882 255 75 0
-1.8984 0.0790 1.0000 255 75 0
-1.8805 0.0783 1.1182 255 75 0
-1.8286 0.0761 1.2259 255 75 0
-1.7471 0.0727 1.3133 255 75 0
-1.6435 0.0684 1.3728 255 75 0
-1.5270 0.0635 1.3990 255 75 0
-1.4079 0.0586 1.3895 255 75 0
-1.2969 0.0540 1.3453 255 75 0
-1.2040 0.0501 1.2702 255 75 0
-1.1374 0.0473 1.1710 255 75 0
-1.1030 0.0459 1.0564 255 75 0
-1.1041 0.0459 0.9369 255 75 0
-1.1403 0.0475 0.8230 255 75 0
-1.2086 0.0503 0.7249 255 75 0
-1.3028 0.0542 0.6514 255 75 0
-1.4145 0.0589 0.6090 255 75 0
-1.5337 0.0638 0.6015 255 75 0
-1.6498 0.0687 0.6297 255 75 0
-1.7524 0.0729 0.6909 255 75 0
-1.8323 0.0763 0.7797 255 75 0
-1.8824 0.0783 0.8882 255 75 0
-1.8968 -0.1109 1.0000 255 75 0
-1.8789 -0.1099 1.1182 255 75 0
-1.8270 -0.1068 1.2259 255 75 0
-1.7457 -0.1021 1.3133 255 75 0
-1.6421 -0.0960 1.3728 255 75 0
-1.5257 -0.0892 1.3990 255 75 0
-1.4067 -0.0823 1.3895 255 75 0
-1.2958 -0.0758 1.3453 255 75 0
-1.2030 -0.0703 1.2702 255 75 0
-1.1364 -0.0665 1.1710 255 75 0
-1.1021 -0.0644 1.0564 255 75 0
-1.1031 -0.0645 0.9369 255 75 0
-1.1394 -0.0666 0.8230 255 75 0
-1.2076 -0.0706 0.7249 255 75 0
-1.3017 -0.0761 0.6514 255 75 0
-1.4133 -0.0826 0.6090 255 75 0
-1.5324 -0.0896 0.6015 255 75 0
-1.6484 -0.0964 0.6297 255 75 0
-1.7509 -0.1024 0.6909 255 75 0
-1.8308 -0.1071 0.7797 255 75 0
-1.8809 -0.1100 0.8882 255 75 0
-1.8762 -0.2997 1.0000 255 76 0
-1.8586 -0.2969 1.1182 255 76 0
-1.8072 -0.2887 1.2259 255 76 0
-1.7268 -0.2758 1.3133 255 76 0
-1.6243 -0.2595 1.3728 255 76 0
-1.5092 -0.2411 1.3990 255 76 0
-1.3915 -0.2223 1.3895 255 76 0
-1.2818 -0.2048 1.3453 255 76 0
-1.1900 -0.1901 1.2702 255 76 0
-1.1241 -0.1796 1.1710 255 76 0
-1.0902 -0.1742 1.0564 255 76 0
-1.0912 -0.1743 0.9369 255 76 0
-1.1270 -0.1800 0.8230 255 76 0
-1.1945 -0.1908 0.7249 255 76 0
-1.2876 -0.2057 0.6514 255 76 0
-1.3980 -0.2233 0.6090 255 76 0
-1.5158 -0.2421 0.6015 255 76 0
-1.6305 -0.2605 0.6297 255 76 0
-1.7319 -0.2767 0.6909 255 76 0
-1.8109 -0.2893 0.7797 255 76 0
-1.8605 -0.2972 0.8882 255 76 0
-1.8369 -0.4855 1.0000 255 77 0
-1.8196 -0.4810 1.1182 255 77 0
-1.7694 -0.4677 1.2259 255 77 0
-1.6906 -0.4469 1.3133 255 77 0
-1.5903 -0.4204 1.3728 255 77 0
-1.4776 -0.3905 1.3990 255 77 0
-1.3623 -0.3601 1.3895 255 77 0
-1.2550 -0.3317 1.3453 255 77 0
-1.1650 -0.3079 1.2702 255 77 0
-1.1006 -0.2909 1.1710 255 77 0
-1.0673 -0.2821 1.0564 255 77 0
-1.0683 -0.2824 0.9369 255 77 0
-1.1034 -0.2916 0.8230 255 77 0
-1.1695 -0.3091 0.7249 255 77 0
-1.2606 -0.3332 0.6514 255 77 0
-1.3687 -0.3618 0.6090 255 77 0
-1.4840 -0.3923 0.6015 255 77 0
-1.5964 -0.4219 0.6297 255 77 0
-1.6956 -0.4482 0.6909 255 77 0
-1.7730 -0.4686 0.7797 255 77 0
-1.8215 -0.4815 0.8882 255 77 0
-1.7793 -0.6665 1.0000 255 80 0
-1.7625 -0.6602 1.1182 255 80 0
-1.7138 -0.6420 1.2259 255 80 0
-1.6375 -0.6134 1.3133 255 80 0
-1.5404 -0.5770 1.3728 255 80 0
-1.4312 -0.5361 1.3990 255 80 0
-1.3196 -0.4943 1.3895 255 80 0
-1.2156 -0.4553 1.3453 255 80 0
-1.1285 -0.4227 1.2702 255 80 0
-1.0660 -0.3993 1.1710 255 80 0
-1.0339 -0.3873 1.0564 255 80 0
-1.0348 -0.3876 0.9369 255 80 0
-1.0688 -0.4003 0.8230 255 80 0
-1.1328 -0.4243 0.7249 255 80 0
-1.2210 -0.4574 0.6514 255 80 0
-1.3257 -0.4966 0.6090 255 80 0
-1.4375 -0.5385 0.6015 255 80 0
-1.5463 -0.5792 0.6297 255 80 0
-1.6424 -0.6152 0.6909 255 80 0
-1.7174 -0.6433 0.7797 255 80 0
-1.7643 -0.6609 0.8882 255 80 0
-1.7038 -0.8408 1.0000 255 84 0
-1.6878 -0.8329 1.1182 255 84 0
-1.6412 -0.8099 1.2259 255 84 0
-1.5681 -0.7738 1.3133 255 84 0
-1.4751 -0.7279 1.3728 255 84 0
-1.3705 -0.6763 1.3990 255 84 0
-1.2636 -0.6236 1.3895 255 84 0
-1.1640 -0.5744 1.3453 255 84 0
-1.0806 -0.5333 1.2702 255 84 0
-1.0208 -0.5038 1.1710 255 84 0
-0.9900 -0.4885 1.0564 255 84 0
-0.9909 -0.4890 0.9369 255 84 0
-1.0235 -0.5050 0.8230 255 84 0
-1.0847 -0.5353 0.7249 255 84 0
-1.1693 -0.5770 0.6514 255 84 0
-1.2695 -0.6265 0.6090 255 84 0
-1.3765 -0.6793 0.6015 255 84 0
-1.4807 -0.7307 0.6297 255 84 0
-1.5728 -0.7761 0.6909 255 84 0
-1.6446 -0.8115 0.7797 255 84 0
-1.6896 -0.8337 0.8882 255 84 0
-1.6114 -1.0067 1.0000 255 88 0
-1.5962 -0.9972 1.1182 255 88 0
-1.5521 -0.9697 1.2259 255 88 0
-1.4830 -0.9265 1.3133 255 88 0
-1.3951 -0.8716 1.3728 255 88 0
-1.2961 -0.8097 1.3990 255 88 0
-1.1951 -0.7466 1.3895 255 88 0
-1.1009 -0.6878 1.3453 255 88 0
-1.0220 -0.6385 1.2702 255 88 0
-0.9655 -0.6032 1.1710 255 88 0
-0.9363 -0.5849 1.0564 255 88 0
-0.9372 -0.5855 0.9369 255 88 0
-0.9679 -0.6047 0.8230 255 88 0
-1.0259 -0.6409 0.7249 255 88 0
-1.1058 -0.6909 0.6514 255 88 0
-1.2006 -0.7501 0.6090 255 88 0
-1.3018 -0.8133 0.6015 255 88 0
-1.4004 -0.8749 0.6297 255 88 0
-1.4875 -0.9293 0.6909 255 88 0
-1.5553 -0.9717 0.7797 255 88 0
-1.5979 -0.9982 0.8882 255 88 0
-1.5028 -1.1625 1.0000 255 93 0
-1.4887 -1.1516 1.1182 255 93 0
-1.4476 -1.1198 1.2259 255 93 0
-1.3831 -1.0699 1.3133 255 93 0
-1.3011 -1.0065 1.3728 255 93 0
-1.2088 -0.9351 1.3990 255 93 0
-1.1146 -0.8622 1.3895 255 93 0
-1.0267 -0.7942 1.3453 255 93 0
-0.9531 -0.7373 1.2702 255 93 0
-0.9004 -0.6965 1.1710 255 93 0
-0.8732 -0.6755 1.0564 255 93 0
-0.8740 -0.6761 0.9369 255 93 0
-0.9027 -0.6983 0.8230 255 93 0
-0.9568 -0.7401 0.7249 255 93 0
-1.0313 -0.7978 0.6514 255 93 0
-1.1198 -0.8662 0.6090 255 93 0
-1.2141 -0.9392 0.6015 255 93 0
-1.3060 -1.0103 0.6297 255 93 0
-1.3873 -1.0731 0.6909 255 93 0
-1.4505 -1.1221 0.7797 255 93 0
-1.4902 -1.1528 0.8882 255 93 0
-1.3793 -1.3068 1.0000 255 99 0
-1.3663 -1.2945 1.1182 255 99 0
-1.3286 -1.2587 1.2259 255 99 0
-1.2694 -1.2027 1.3133 255 99 0
-1.1941 -1.1313 1.3728 255 99 0
-1.1094 -1.0511 1.3990 255 99 0
-1.0229 -0.9691 1.3895 255 99 0
-0.9423 -0.8928 1.3453 255 99 0
-0.8748 -0.8288 1.2702 255 99 0
-0.8264 -0.7829 1.1710 255 99 0
-0.8014 -0.7593 1.0564 255 99 0
-0.8022 -0.7600 0.9369 255 99 0
-0.8285 -0.7849 0.8230 255 99 0
-0.8781 -0.8319 0.7249 255 99 0
-0.9465 -0.8968 0.6514 255 99 0
-1.0277 -0.9737 0.6090 255 99 0
-1.1143 -1.0557 0.6015 255 99 0
-1.1987 -1.1356 0.6297 255 99 0
-1.2732 -1.2063 0.6909 255 99 0
-1.3313 -1.2613 0.7797 255 99 0
-1.3677 -1.2958 0.8882 255 99 0
-1.2419 -1.4379 1.0000 255 106 0
-1.2302 -1.4244 1.1182 255 106 0
-1.1963 -1.3851 1.2259 255 106 0
-1.1430 -1.3234 1.3133 255 106 0
-1.0752 -1.2449 1.3728 255 106 0
-0.9990 -1.1566 1.3990 255 106 0
-0.9211 -1.0664 1.3895 255 106 0
-0.8485 -0.9824 1.3453 255 106 0
-0.7877 -0.9120 1.2702 255 106 0
-0.7441 -0.8615 1.1710 255 106 0
-0.7216 -0.8355 1.0564 255 106 0
-0.7223 -0.8363 0.9369 255 106 0
-0.7460 -0.8637 0.8230 255 106 0
-0.7907 -0.9154 0.7249 255 106 0
-0.8523 -0.9868 0.6514 255 106 0
-0.9254 -1.0714 0.6090 255 106 0
-1.0033 -1.1617 0.6015 255 106 0
-1.0793 -1.2496 0.6297 255 106 0
-1.1464 -1.3273 0.6909 255 106 0
-1.1987 -1.3879 0.7797 255 106 0
-1.2315 -1.4259 0.8882 255 106 0
-1.0922 -1.5547 1.0000 255 113 0
-1.0819 -1.5401 1.1182 255 113 0
-1.0520 -1.4976 1.2259 255 113 0
-1.0052 -1.4309 1.3133 255 113 0
-0.9456 -1.3460 1.3728 255 113 0
-0.8785 -1.2506 1.3990 255 113 0
-0.8100 -1.1530 1.3895 255 113 0
-0.7462 -1.0622 1.3453 255 113 0
-0.6927 -0.9861 1.2702 255 113 0
-0.6544 -0.9315 1.1710 255 113 0
-0.6346 -0.9034 1.0564 255 113 0
-0.6352 -0.9042 0.9369 255 113 0
-0.6560 -0.9339 0.8230 255 113 0
-0.6953 -0.9898 0.7249 255 113 0
-0.7495 -1.0669 0.6514 255 113 0
-0.8138 -1.1584 0.6090 255 113 0
-0.8824 -1.2561 0.6015 255 113 0
-0.9491 -1.3511 0.6297 255 113 0
-1.0082 -1.4352 0.6909 255 113 0
-1.0542 -1.5006 0.7797 255 113 0
-1.0830 -1.5417 0.8882 255 113 0
-0.9315 -1.6560 1.0000 255 120 0
-0.9227 -1.6404 1.1182 255 120 0
-0.8972 -1.5951 1.2259 255 120 0
-0.8573 -1.5241 1.3133 255 120 0
-0.8065 -1.4337 1.3728 255 120 0
-0.7493 -1.3320 1.3990 255 120 0
-0.6908 -1.2282 1.3895 255 120 0
-0.6364 -1.1314 1.3453 255 120 0
-0.5908 -1.0503 1.2702 255 120 0
-0.5581 -0.9922 1.1710 255 120 0
-0.5412 -0.9622 1.0564 255 120 0
-0.5417 -0.9631 0.9369 255 120 0
-0.5595 -0.9947 0.8230 255 120 0
-0.5930 -1.0543 0.7249 255 120 0
-0.6392 -1.1364 0.6514 255 120 0
-0.6941 -1.2339 0.6090 255 120 0
-0.7526 -1.3379 0.6015 255 120 0
-0.8095 -1.4391 0.6297 255 120 0
-0.8599 -1.5286 0.6909 255 120 0
-0.8991 -1.5984 0.7797 255 120 0
-0.9237 -1.6421 0.8882 255 120 0
-0.7615 -1.7407 1.0000 255 128 0
-0.7544 -1.7243 1.1182 255 128 0
-0.7335 -1.6767 1.2259 255 128 0
-0.7009 -1.6020 1.3133 255 128 0
-0.6593 -1.5070 1.3728 255 128 0
-0.6125 -1.4002 1.3990 255 128 0
-0.5648 -1.2910 1.3895 255 128 0
-0.5203 -1.1892 1.3453 255 128 0
-0.4830 -1.1040 1.2702 255 128 0
-0.4563 -1.0429 1.1710 255 128 0
-0.4425 -1.0114 1.0564 255 128 0
-0.4429 -1.0124 0.9369 255 128 0
-0.4574 -1.0456 0.8230 255 128 0
-0.4848 -1.1082 0.7249 255 128 0
-0.5226 -1.1946 0.6514 255 128 0
-0.5674 -1.2970 0.6090 255 128 0
-0.6152 -1.4063 0.6015 255 128 0
-0.6618 -1.5128 0.6297 255 128 0
-0.7030 -1.6068 0.6909 255 128 0
-0.7350 -1.6801 0.7797 255 128 0
-0.7551 -1.7261 0.8882 255 128 0
-0.5839 -1.8080 1.0000 255 137 0
-0.5784 -1.7910 1.1182 255 137 0
-0.5625 -1.7416 1.2259 255 137 0
-0.5374 -1.6640 1.3133 255 137 0
-0.5055 -1.5653 1.3728 255 137 0
-0.4697 -1.4543 1.3990 255 137 0
-0.4331 -1.3409 1.3895 255 137 0
-0.3989 -1.2352 1.3453 255 137 0
-0.3703 -1.1467 1.2702 255 137 0
-0.3499 -1.0833 1.1710 255 137 0
-0.3393 -1.0506 1.0564 255 137 0
-0.3396 -1.0515 0.9369 255 137 0
-0.3508 -1.0861 0.8230 255 137 0
-0.3718 -1.1511 0.7249 255 137 0
-0.4007 -1.2408 0.6514 255 137 0
-0.4351 -1.3472 0.6090 255 137 0
-0.4718 -1.4607 0.6015 255 137 0
-0.5075 -1.5713 0.6297 255 137 0
-0.5390 -1.6690 0.6909 255 137 0
-0.5636 -1.7451 0.7797 255 137 0
-0.5790 -1.7929 0.8882 255 137 0
-0.4005 -1.8573 1.0000 255 146 0
-0.3967 -1.8398 1.1182 255 146 0
-0.3858 -1.7890 1.2259 255 146 0
-0.3686 -1.7094 1.3133 255 146 0
-0.3467 -1.6080 1.3728 255 146 0
-0.3222 -1.4940 1.3990 255 146 0
-0.2970 -1.3775 1.3895 255 146 0
-0.2736 -1.2689 1.3453 255 146 0
-0.2540 -1.1780 1.2702 255 146 0
-0.2400 -1.1128 1.1710 255 146 0
-0.2327 -1.0792 1.0564 255 146 0
-0.2329 -1.0802 0.9369 255 146 0
-0.2406 -1.1157 0.8230 255 146 0
-0.2550 -1.1824 0.7249 255 146 0
-0.2749 -1.2746 0.6514 255 146 0
-0.2984 -1.3839 0.6090 255 146 0
-0.3236 -1.5005 0.6015 255 146 0
-0.3481 -1.6141 0.6297 255 146 0
-0.3697 -1.7145 0.6909 255 146 0
-0.3866 -1.7927 0.7797 255 146 0
-0.3972 -1.8417 0.8882 255 146 0
-0.2131 -1.8880 1.0000 255 154 0
-0.2111 -1.8703 1.1182 255 154 0
-0.2053 -1.8186 1.2259 255 154 0
-0.1961 -1.7376 1.3133 255 154 0
-0.1845 -1.6346 1.3728 255 154 0
-0.1714 -1.5187 1.3990 255 154 0
-0.1580 -1.4002 1.3895 255 154 0
-0.1456 -1.2899 1.3453 255 154 0
-0.1351 -1.1974 1.2702 255 154 0
-0.1277 -1.1312 1.1710 255 154 0
-0.1238 -1.0970 1.0564 255 154 0
-0.1239 -1.0980 0.9369 255 154 0
-0.1280 -1.1341 0.8230 255 154 0
-0.1357 -1.2020 0.7249 255 154 0
-0.1462 -1.2957 0.6514 255 154 0
-0.1588 -1.4068 0.6090 255 154 0
-0.1722 -1.5253 0.6015 255 154 0
-0.1852 -1.6408 0.6297 255 154 0
-0.1967 -1.7428 0.6909 255 154 0
-0.2057 -1.8223 0.7797 255 154 0
-0.2113 -1.8722 0.8882 255 154 0
-0.0235 -1.8999 1.0000 255 163 0
-0.0233 -1.8820 1.1182 255 163 0
-0.0227 -1.8300 1.2259 255 163 0
-0.0217 -1.7485 1.3133 255 163 0
-0.0204 -1.6448 1.3728 255 163 0
-0.0189 -1.5282 1.3990 255 163 0
-0.0175 -1.4090 1.3895 255 163 0
-0.0161 -1.2980 1.3453 255 163 0
-0.0149 -1.2050 1.2702 255 163 0
-0.0141 -1.1383 1.1710 255 163 0
-0.0137 -1.1039 1.0564 255 163 0
-0.0137 -1.1049 0.9369 255 163 0
-0.0141 -1.1412 0.8230 255 163 0
-0.0150 -1.2095 0.7249 255 163 0
-0.0162 -1.3038 0.6514 255 163 0
-0.0175 -1.4156 0.6090 255 163 0
-0.0190 -1.5349 0.6015 255 163 0
-0.0205 -1.6511 0.6297 255 163 0
-0.0217 -1.7537 0.6909 255 163 0
-0.0227 -1.8337 0.7797 255 163 0
-0.0233 -1.8839 0.8882 255 163 0
0.1662 -1.8927 1.0000 255 172 0
0.1647 -1.8749 1.1182 255 172 0
0.1601 -1.8231 1.2259 255 172 0
0.1530 -1.7419 1.3133 255 172 0
0.1439 -1.6386 1.3728 255 172 0
0.1337 -1.5224 1.3990 255 172 0
0.1233 -1.4037 1.3895 255 172 0
0.1136 -1.2931 1.3453 255 172 0
0.1054 -1.2004 1.2702 255 172 0
0.0996 -1.1340 1.1710 255 172 0
0.0966 -1.0998 1.0564 255 172 0
0.0967 -1.1008 0.9369 255 172 0
0.0999 -1.1369 0.8230 255 172 0
0.1058 -1.2050 0.7249 255 172 0
0.1141 -1.2989 0.6514 255 172 0
0.1239 -1.4103 0.6090 255 172 0
0.1343 -1.5291 0.6015 255 172 0
0.1445 -1.6449 0.6297 255 172 0
0.1535 -1.7472 0.6909 255 172 0
0.1605 -1.8269 0.7797 255 172 0
0.1649 -1.8768 0.8882 255 172 0
0.3544 -1.8667 1.0000 255 181 0
0.3510 -1.8491 1.1182 255 181 0
0.3413 -1.7980 1.2259 255 181 0
0.3261 -1.7180 1.3133 255 181 0
0.3068 -1.6161 1.3728 255 181 0
0.2850 -1.5015 1.3990 255 181 0
0.2628 -1.3844 1.3895 255 181 0
0.2421 -1.2753 1.3453 255 181 0
0.2248 -1.1839 1.2702 255 181 0
0.2123 -1.1184 1.1710 255 181 0
0.2059 -1.0846 1.0564 255 181 0
0.2061 -1.0856 0.9369 255 181 0
0.2129 -1.1213 0.8230 255 181 0
0.2256 -1.1884 0.7249 255 181 0
0.2432 -1.2810 0.6514 255 181 0
0.2640 -1.3908 0.6090 255 181 0
0.2863 -1.5081 0.6015 255 181 0
0.3080 -1.6222 0.6297 255 181 0
0.3271 -1.7231 0.6909 255 181 0
0.3420 -1.8017 0.7797 255 181 0
0.3514 -1.8510 0.8882 255 181 0
0.5390 -1.8220 1.0000 255 190 0
0.5339 -1.8048 1.1182 255 190 0
0.5191 -1.7550 1.2259 255 190 0
0.4960 -1.6768 1.3133 255 190 0
0.4666 -1.5774 1.3728 255 190 0
0.4335 -1.4655 1.3990 255 190 0
0.3997 -1.3512 1.3895 255 190 0
0.3682 -1.2447 1.3453 255 190 0
0.3418 -1.1555 1.2702 255 190 0
0.3229 -1.0916 1.1710 255 190 0
0.3132 -1.0587 1.0564 255 190 0
0.3134 -1.0596 0.9369 255 190 0
0.3237 -1.0944 0.8230 255 190 0
0.3431 -1.1599 0.7249 255 190 0
0.3699 -1.2503 0.6514 255 190 0
0.4016 -1.3575 0.6090 255 190 0
0.4354 -1.4719 0.6015 255 190 0
0.4684 -1.5834 0.6297 255 190 0
0.4975 -1.6818 0.6909 255 190 0
0.5202 -1.7586 0.7797 255 190 0
0.5344 -1.8067 0.8882 255 190 0
0.7182 -1.7590 1.0000 255 199 0
0.7114 -1.7425 1.1182 255 199 0
0.6918 -1.6944 1.2259 255 199 0
0.6609 -1.6189 1.3133 255 199 0
0.6218 -1.5229 1.3728 255 199 0
0.5777 -1.4149 1.3990 255 199 0
0.5326 -1.3046 1.3895 255 199 0
0.4906 -1.2018 1.3453 255 199 0
0.4555 -1.1156 1.2702 255 199 0
0.4303 -1.0539 1.1710 255 199 0
0.4173 -1.0221 1.0564 255 199 0
0.4177 -1.0230 0.9369 255 199 0
0.4314 -1.0566 0.8230 255 199 0
0.4572 -1.1199 0.7249 255 199 0
0.4928 -1.2072 0.6514 255 199 0
0.5351 -1.3107 0.6090 255 199 0
0.5802 -1.4211 0.6015 255 199 0
0.6241 -1.5287 0.6297 255 199 0
0.6629 -1.6238 0.6909 255 199 0
0.6932 -1.6978 0.7797 255 199 0
0.7121 -1.7443 0.8882 255 199 0
0.8902 -1.6786 1.0000 255 207 0
0.8818 -1.6628 1.1182 255 207 0
0.8574 -1.6168 1.2259 255 207 0
0.8193 -1.5448 1.3133 255 207 0
0.7707 -1.4532 1.3728 255 207 0
0.7160 -1.3502 1.3990 255 207 0
0.6602 -1.2449 1.3895 255 207 0
0.6082 -1.1468 1.3453 255 207 0
0.5646 -1.0646 1.2702 255 207 0
0.5333 -1.0057 1.1710 255 207 0
0.5172 -0.9753 1.0564 255 207 0
0.5177 -0.9762 0.9369 255 207 0
0.5347 -1.0083 0.8230 255 207 0
0.5667 -1.0687 0.7249 255 207 0
0.6109 -1.1519 0.6514 255 207 0
0.6633 -1.2507 0.6090 255 207 0
0.7192 -1.3561 0.6015 255 207 0
0.7736 -1.4588 0.6297 255 207 0
0.8217 -1.5495 0.6909 255 207 0
0.8592 -1.6202 0.7797 255 207 0
0.8827 -1.6645 0.8882 255 207 0
1.0533 -1.5813 1.0000 255 214 0
1.0434 -1.5664 1.1182 255 214 0
1.0146 -1.5232 1.2259 255 214 0
0.9694 -1.4553 1.3133 255 214 0
0.9119 -1.3690 1.3728 255 214 0
0.8472 -1.2720 1.3990 255 214 0
0.7812 -1.1728 1.3895 255 214 0
0.7196 -1.0803 1.3453 255 214 0
0.6680 -1.0029 1.2702 255 214 0
0.6311 -0.9474 1.1710 255 214 0
0.6120 -0.9188 1.0564 255 214 0
0.6126 -0.9197 0.9369 255 214 0
0.6327 -0.9499 0.8230 255 214 0
0.6706 -1.0067 0.7249 255 214 0
0.7228 -1.0852 0.6514 255 214 0
0.7848 -1.1782 0.6090 255 214 0
0.8510 -1.2775 0.6015 255 214 0
0.9154 -1.3742 0.6297 255 214 0
0.9723 -1.4597 0.6909 255 214 0
1.0167 -1.5263 0.7797 255 214 0
1.0445 -1.5680 0.8882 255 214 0
1.2059 -1.4683 1.0000 255 222 0
1.1946 -1.4544 1.1182 255 222 0
1.1616 -1.4143 1.2259 255 222 0
1.1099 -1.3513 1.3133 255 222 0
1.0440 -1.2712 1.3728 255 222 0
0.9700 -1.1810 1.3990 255 222 0
0.8944 -1.0889 1.3895 255 222 0
0.8239 -1.0031 1.3453 255 222 0
0.7648 -0.9312 1.2702 255 222 0
0.7225 -0.8797 1.1710 255 222 0
0.7007 -0.8531 1.0564 255 222 0
0.7013 -0.8539 0.9369 255 222 0
0.7244 -0.8820 0.8230 255 222 0
0.7677 -0.9348 0.7249 255 222 0
0.8276 -1.0076 0.6514 255 222 0
0.8985 -1.0940 0.6090 255 222 0
0.9743 -1.1862 0.6015 255 222 0
1.0480 -1.2760 0.6297 255 222 0
1.1132 -1.3553 0.6909 255 222 0
1.1640 -1.4172 0.7797 255 222 0
1.1958 -1.4559 0.8882 255 222 0
1.3465 -1.3405 1.0000 255 228 0
1.3338 -1.3279 1.1182 255 228 0
1.2970 -1.2912 1.2259 255 228 0
1.2392 -1.2337 1.3133 255 228 0
1.1657 -1.1606 1.3728 255 228 0
1.0831 -1.0783 1.3990 255 228 0
0.9986 -0.9942 1.3895 255 228 0
0.9199 -0.9158 1.3453 255 228 0
0.8540 -0.8502 1.2702 255 228 0
0.8067 -0.8032 1.1710 255 228 0
0.7824 -0.7789 1.0564 255 228 0
0.7831 -0.7796 0.9369 255 228 0
0.8088 -0.8052 0.8230 255 228 0
0.8572 -0.8534 0.7249 255 228 0
0.9240 -0.9200 0.6514 255 228 0
1.0033 -0.9988 0.6090 255 228 0
1.0878 -1.0830 0.6015 255 228 0
1.1701 -1.1650 0.6297 255 228 0
1.2429 -1.2374 0.6909 255 228 0
1.2996 -1.2939 0.7797 255 228 0
1.3352 -1.3293 0.8882 255 228 0
1.4736 -1.1994 1.0000 255 234 0
1.4597 -1.1881 1.1182 255 234 0
1.4194 -1.1553 1.2259 255 234 0
1.3562 -1.1039 1.3133 255 234 0
1.2758 -1.0384 1.3728 255 234 0
1.1853 -0.9648 1.3990 255 234 0
1.0929 -0.8895 1.3895 255 234 0
1.0067 -0.8194 1.3453 255 234 0
0.9346 -0.7607 1.2702 255 234 0
0.8829 -0.7186 1.1710 255 234 0
0.8562 -0.6969 1.0564 255 234 0
0.8570 -0.6976 0.9369 255 234 0
0.8852 -0.7205 0.8230 255 234 0
0.9381 -0.7636 0.7249 255 234 0
1.0113 -0.8231 0.6514 255 234 0
1.0980 -0.8937 0.6090 255 234 0
1.1905 -0.9690 0.6015 255 234 0
1.2806 -1.0423 0.6297 255 234 0
1.3602 -1.1072 0.6909 255 234 0
1.4223 -1.1577 0.7797 255 234 0
1.4612 -1.1893 0.8882 255 234 0
1.5860 -1.0463 1.0000 255 240 0
1.5710 -1.0365 1.1182 255 240 0
1.5276 -1.0078 1.2259 255 240 0
1.4596 -0.9630 1.3133 255 240 0
1.3731 -0.9058 1.3728 255 240 0
1.2757 -0.8416 1.3990 255 240 0
1.1762 -0.7760 1.3895 255 240 0
1.0835 -0.7148 1.3453 255 240 0
1.0059 -0.6636 1.2702 255 240 0
0.9502 -0.6269 1.1710 255 240 0
0.9215 -0.6080 1.0564 255 240 0
0.9224 -0.6085 0.9369 255 240 0
0.9527 -0.6285 0.8230 255 240 0
1.0097 -0.6661 0.7249 255 240 0
1.0884 -0.7180 0.6514 255 240 0
1.1817 -0.7796 0.6090 255 240 0
1.2813 -0.8453 0.6015 255 240 0
1.3783 -0.9093 0.6297 255 240 0
1.4640 -0.9658 0.6909 255 240 0
1.5308 -1.0099 0.7797 255 240 0
1.5727 -1.0375 0.8882 255 240 0
1.6825 -0.8827 1.0000 255 244 0
1.6667 -0.8744 1.1182 255 244 0
1.6206 -0.8503 1.2259 255 244 0
1.5485 -0.8124 1.3133 255 244 0
1.4566 -0.7642 1.3728 255 244 0
1.3533 -0.7100 1.3990 255 244 0
1.2478 -0.6547 1.3895 255 244 0
1.1495 -0.6031 1.3453 255 244 0
1.0671 -0.5599 1.2702 255 244 0
1.0080 -0.5289 1.1710 255 244 0
0.9776 -0.5129 1.0564 255 244 0
0.9785 -0.5134 0.9369 255 244 0
1.0106 -0.5302 0.8230 255 244 0
1.0711 -0.5620 0.7249 255 244 0
1.1546 -0.6058 0.6514 255 244 0
1.2536 -0.6577 0.6090 255 244 0
1.3593 -0.7132 0.6015 255 244 0
1.4622 -0.7671 0.6297 255 244 0
1.5531 -0.8149 0.6909 255 244 0
1.6239 -0.8520 0.7797 255 244 0
1.6684 -0.8753 0.8882 255 244 0
1.7622 -0.7104 1.0000 255 248 0
1.7456 -0.7037 1.1182 255 248 0
1.6974 -0.6842 1.2259 255 248 0
1.6218 -0.6538 1.3133 255 248 0
1.5256 -0.6150 1.3728 255 248 0
1.4175 -0.5714 1.3990 255 248 0
1.3069 -0.5268 1.3895 255 248 0
1.2039 -0.4853 1.3453 255 248 0
1.1177 -0.4505 1.2702 255 248 0
1.0558 -0.4256 1.1710 255 248 0
1.0239 -0.4128 1.0564 255 248 0
1.0249 -0.4131 0.9369 255 248 0
1.0585 -0.4267 0.8230 255 248 0
1.1219 -0.4523 0.7249 255 248 0
1.2093 -0.4875 0.6514 255 248 0
1.3130 -0.5293 0.6090 255 248 0
1.4237 -0.5739 0.6015 255 248 0
1.5314 -0.6173 0.6297 255 248 0
1.6267 -0.6557 0.6909 255 248 0
1.7009 -0.6856 0.7797 255 248 0
1.7474 -0.7044 0.8882 255 248 0
1.8243 -0.5309 1.0000 255 251 0
1.8072 -0.5259 1.1182 255 251 0
1.7572 -0.5114 1.2259 255 251 0
1.6790 -0.4886 1.3133 255 251 0
1.5794 -0.4596 1.3728 255 251 0
1.4674 -0.4270 1.3990 255 251 0
1.3530 -0.3937 1.3895 255 251 0
1.2464 -0.3627 1.3453 255 251 0
1.1570 -0.3367 1.2702 255 251 0
1.0930 -0.3181 1.1710 255 251 0
1.0600 -0.3085 1.0564 255 251 0
1.0610 -0.3088 0.9369 255 251 0
1.0958 -0.3189 0.8230 255 251 0
1.1614 -0.3380 0.7249 255 251 0
1.2520 -0.3643 0.6514 255 251 0
1.3593 -0.3956 0.6090 255 251 0
1.4739 -0.4289 0.6015 255 251 0
1.5854 -0.4614 0.6297 255 251 0
1.6840 -0.4901 0.6909 255 251 0
1.7608 -0.5124 0.7797 255 251 0
1.8090 -0.5264 0.8882 255 251 0
1.8682 -0.3461 1.0000 255 253 0
1.8506 -0.3429 1.1182 255 253 0
1.7995 -0.3334 1.2259 255 253 0
1.7194 -0.3185 1.3133 255 253 0
1.6174 -0.2996 1.3728 255 253 0
1.5027 -0.2784 1.3990 255 253 0
1.3855 -0.2567 1.3895 255 253 0
1.2763 -0.2365 1.3453 255 253 0
1.1849 -0.2195 1.2702 255 253 0
1.1193 -0.2074 1.1710 255 253 0
1.0855 -0.2011 1.0564 255 253 0
1.0865 -0.2013 0.9369 255 253 0
1.1222 -0.2079 0.8230 255 253 0
1.1894 -0.2203 0.7249 255 253 0
1.2821 -0.2375 0.6514 255 253 0
1.3920 -0.2579 0.6090 255 253 0
1.5093 -0.2796 0.6015 255 253 0
1.6236 -0.3008 0.6297 255 253 0
1.7245 -0.3195 0.6909 255 253 0
1.8032 -0.3341 0.7797 255 253 0
1.8525 -0.3432 0.8882 255 253 0
1.8934 -0.1579 1.0000 255 254 0
1.8756 -0.1564 1.1182 255 254 0
1.8238 -0.1521 1.2259 255 254 0
1.7426 -0.1453 1.3133 255 254 0
1.6393 -0.1367 1.3728 255 254 0
1.5230 -0.1270 1.3990 255 254 0
1.4042 -0.1171 1.3895 255 254 0
1.2936 -0.1079 1.3453 255 254 0
1.2009 -0.1001 1.2702 255 254 0
1.1344 -0.0946 1.1710 255 254 0
1.1002 -0.0917 1.0564 255 254 0
1.1012 -0.0918 0.9369 255 254 0
1.1374 -0.0948 0.8230 255 254 0
1.2054 -0.1005 0.7249 255 254 0
1.2994 -0.1083 0.6514 255 254 0
1.4108 -0.1176 0.6090 255 254 0
1.5297 -0.1275 0.6015 255 254 0
1.6455 -0.1372 0.6297 255 254 0
1.7478 -0.1457 0.6909 255 254 0
1.8275 -0.1524 0.7797 255 254 0
1.8776 -0.1565 0.8882 255 254 0
0.3000 -3.0000 0.0000 0 255 128
0.2996 -2.9841 0.0150 0 255 134
0.2985 -2.9682 0.0300 0 255 140
0.2966 -2.9523 0.0448 0 255 146
0.2940 -2.9363 0.0596 0 255 153
0.2907 -2.9204 0.0742 0 255 159
0.2866 -2.9045 0.0887 0 255 165
0.2818 -2.8886 0.1029 0 255 171
0.2763 -2.8727 0.1168 0 255 177
0.2701 -2.8568 0.1305 0 255 183
0.2633 -2.8408 0.1438 0 255 188
0.2558 -2.8249 0.1568 0 255 194
0.2476 -2.8090 0.1694 0 255 199
0.2388 -2.7931 0.1816 0 255 204
0.2295 -2.7772 0.1933 0 255 209
0.2195 -2.7613 0.2045 0 255 214
0.2090 -2.7454 0.2152 0 255 219
0.1980 -2.7294 0.2254 0 255 223
0.1865 -2.7135 0.2350 0 255 227
0.1745 -2.6976 0.2440 0 255 231
0.1621 -2.6817 0.2524 0 255 234
0.1493 -2.6658 0.2602 0 255 238
0.1361 -2.6499 0.2674 0 255 241
0.1225 -2.6339 0.2738 0 255 243
0.1087 -2.6180 0.2796 0 255 246
0.0946 -2.6021 0.2847 0 255 248
0.0802 -2.5862 0.2891 0 255 250
0.0657 -2.5703 0.2927 0 255 251
0.0510 -2.5544 0.2956 0 255 253
0.0362 -2.5385 0.2978 0 255 254
0.0212 -2.5225 0.2992 0 255 254
0.0062 -2.5066 0.2999 0 255 254
-0.0088 -2.4907 0.2999 0 255 254
-0.0237 -2.4748 0.2991 0 255 254
-0.0387 -2.4589 0.2975 0 255 253
-0.0535 -2.4430 0.2952 0 255 252
-0.0682 -2.4270 0.2922 0 255 251
-0.0827 -2.4111 0.2884 0 255 250
-0.0970 -2.3952 0.2839 0 255 248
-0.1111 -2.3793 0.2787 0 255 245
-0.1248 -2.3634 0.2728 0 255 243
-0.1383 -2.3475 0.2662 0 255 240
-0.1515 -2.3315 0.2590 0 255 237
-0.1642 -2.3156 0.2511 0 255 234
-0.1766 -2.2997 0.2425 0 255 230
-0.1885 -2.2838 0.2334 0 255 226
-0.1999 -2.2679 0.2237 0 255 222
-0.2108 -2.2520 0.2134 0 255 218
-0.2212 -2.2361 0.2026 0 255 213
-0.2311 -2.2201 0.1913 0 255 208
-0.2403 -2.2042 0.1795 0 255 204
-0.2490 -2.1883 0.1673 0 255 198
-0.2571 -2.1724 0.1547 0 255 193
-0.2645 -2.1565 0.1416 0 255 187
-0.2712 -2.1406 0.1282 0 255 182
-0.2773 -2.1246 0.1145 0 255 176
-0.2827 -2.1087 0.1005 0 255 170
-0.2873 -2.0928 0.0862 0 255 164
-0.2913 -2.0769 0.0718 0 255 158
-0.2945 -2.0610 0.0571 0 255 152
-0.2970 -2.0451 0.0423 0 255 145
-0.2987 -2.0292 0.0274 0 255 139
-0.2997 -2.0132 0.0125 0 255 133
-0.3000 -1.9973 -0.0025 0 255 126
-0.2995 -1.9814 -0.0175 0 255 120
-0.2982 -1.9655 -0.0325 0 255 114
-0.2962 -1.9496 -0.0473 0 255 107
-0.2935 -1.9337 -0.0621 0 255 101
-0.2900 -1.9177 -0.0767 0 255 95
-0.2858 -1.9018 -0.0911 0 255 89
-0.2809 -1.8859 -0.1052 0 255 83
-0.2753 -1.8700 -0.1191 0 255 77
-0.2690 -1.8541 -0.1328 0 255 71
-0.2621 -1.8382 -0.1460 0 255 66
-0.2544 -1.8223 -0.1590 0 255 60
-0.2462 -1.8063 -0.1715 0 255 55
-0.2373 -1.7904 -0.1836 0 255 50
-0.2278 -1.7745 -0.1952 0 255 45
-0.2178 -1.7586 -0.2063 0 255 40
-0.2072 -1.7427 -0.2170 0 255 36
-0.1961 -1.7268 -0.2270 0 255 31
-0.1845 -1.7108 -0.2366 0 255 27
-0.1724 -1.6949 -0.2455 0 255 24
-0.1600 -1.6790 -0.2538 0 255 20
-0.1471 -1.6631 -0.2615 0 255 17
-0.1338 -1.6472 -0.2685 0 255 14
-0.1202 -1.6313 -0.2748 0 255 11
-0.1064 -1.6154 -0.2805 0 255 9
-0.0922 -1.5994 -0.2855 0 255 7
-0.0778 -1.5835 -0.2897 0 255 5
-0.0632 -1.5676 -0.2933 0 255 3
-0.0485 -1.5517 -0.2961 0 255 2
-0.0336 -1.5358 -0.2981 0 255 1
-0.0187 -1.5199 -0.2994 0 255 1
-0.0037 -1.5039 -0.3000 0 255 1
0.0113 -1.4880 -0.2998 0 255 1
0.0262 -1.4721 -0.2988 0 255 1
0.0412 -1.4562 -0.2972 0 255 2
0.0560 -1.4403 -0.2947 0 255 3
0.0706 -1.4244 -0.2916 0 255 4
0.0851 -1.4085 -0.2877 0 255 6
0.0994 -1.3925 -0.2831 0 255 8
0.1134 -1.3766 -0.2777 0 255 10
0.1271 -1.3607 -0.2717 0 255 12
0.1406 -1.3448 -0.2650 0 255 15
0.1536 -1.3289 -0.2577 0 255 18
0.1663 -1.3130 -0.2497 0 255 22
0.1786 -1.2970 -0.2411 0 255 25
0.1904 -1.2811 -0.2318 0 255 29
0.2018 -1.2652 -0.2220 0 255 34
0.2126 -1.2493 -0.2117 0 255 38
0.2229 -1.2334 -0.2008 0 255 43
0.2327 -1.2175 -0.1894 0 255 47
0.2418 -1.2015 -0.1775 0 255 52
0.2504 -1.1856 -0.1652 0 255 58
0.2584 -1.1697 -0.1525 0 255 63
0.2657 -1.1538 -0.1394 0 255 68
0.2723 -1.1379 -0.1259 0 255 74
0.2782 -1.1220 -0.1122 0 255 80
0.2835 -1.1061 -0.0981 0 255 86
0.2881 -1.0901 -0.0838 0 255 92
0.2919 -1.0742 -0.0693 0 255 98
0.2950 -1.0583 -0.0546 0 255 104
0.2973 -1.0424 -0.0398 0 255 111
0.2990 -1.0265 -0.0249 0 255 117
0.2998 -1.0106 -0.0100 0 255 123
0.3000 -0.9946 0.0050 0 255 130
0.2993 -0.9787 0.0200 0 255 136
0.2980 -0.9628 0.0350 0 255 142
0.2958 -0.9469 0.0498 0 255 149
0.2930 -0.9310 0.0645 0 255 155
0.2894 -0.9151 0.0791 0 255 161
0.2851 -0.8992 0.0935 0 255 167
0.2800 -0.8832 0.1076 0 255 173
0.2743 -0.8673 0.1215 0 255 179
0.2679 -0.8514 0.1350 0 255 185
0.2608 -0.8355 0.1482 0 255 190
0.2531 -0.8196 0.1611 0 255 196
0.2447 -0.8037 0.1735 0 255 201
0.2357 -0.7877 0.1855 0 255 206
0.2262 -0.7718 0.1971 0 255 211
0.2160 -0.7559 0.2082 0 255 216
0.2054 -0.7400 0.2187 0 255 220
0.1942 -0.7241 0.2287 0 255 224
0.1825 -0.7082 0.2381 0 255 228
0.1704 -0.6923 0.2469 0 255 232
0.1578 -0.6763 0.2551 0 255 236
0.1449 -0.6604 0.2627 0 255 239
0.1316 -0.6445 0.2696 0 255 242
0.1179 -0.6286 0.2759 0 255 244
0.1040 -0.6127 0.2814 0 255 247
0.0898 -0.5968 0.2862 0 255 249
0.0754 -0.5808 0.2904 0 255 250
0.0608 -0.5649 0.2938 0 255 252
0.0460 -0.5490 0.2965 0 255 253
0.0311 -0.5331 0.2984 0 255 254
0.0162 -0.5172 0.2996 0 255 254
0.0012 -0.5013 0.3000 0 255 254
-0.0138 -0.4854 0.2997 0 255 254
-0.0288 -0.4694 0.2986 0 255 254
-0.0437 -0.4535 0.2968 0 255 253
-0.0584 -0.4376 0.2943 0 255 252
-0.0731 -0.4217 0.2910 0 255 251
-0.0875 -0.4058 0.2870 0 255 249
-0.1017 -0.3899 0.2822 0 255 247
-0.1157 -0.3739 0.2768 0 255 245
-0.1294 -0.3580 0.2707 0 255 242
-0.1428 -0.3421 0.2638 0 255 239
-0.1558 -0.3262 0.2564 0 255 236
-0.1684 -0.3103 0.2483 0 255 233
-0.1806 -0.2944 0.2395 0 255 229
-0.1924 -0.2785 0.2302 0 255 225
-0.2036 -0.2625 0.2203 0 255 221
-0.2144 -0.2466 0.2099 0 255 216
-0.2246 -0.2307 0.1989 0 255 212
-0.2343 -0.2148 0.1874 0 255 207
-0.2433 -0.1989 0.1755 0 255 202
-0.2518 -0.1830 0.1631 0 255 197
-0.2596 -0.1670 0.1503 0 255 191
-0.2668 -0.1511 0.1371 0 255 186
-0.2733 -0.1352 0.1236 0 255 180
-0.2792 -0.1193 0.1098 0 255 174
-0.2843 -0.1034 0.0957 0 255 168
-0.2887 -0.0875 0.0814 0 255 162
-0.2925 -0.0715 0.0669 0 255 156
-0.2954 -0.0556 0.0522 0 255 150
-0.2977 -0.0397 0.0373 0 255 143
-0.2992 -0.0238 0.0224 0 255 137
-0.2999 -0.0079 0.0074 0 255 131
-0.2999 0.0080 -0.0076 0 255 124
-0.2992 0.0239 -0.0225 0 255 118
-0.2977 0.0399 -0.0375 0 255 112
-0.2954 0.0558 -0.0523 0 255 105
-0.2924 0.0717 -0.0670 0 255 99
-0.2887 0.0876 -0.0815 0 255 93
-0.2843 0.1035 -0.0959 0 255 87
-0.2791 0.1194 -0.1099 0 255 81
-0.2733 0.1354 -0.1238 0 255 75
-0.2668 0.1513 -0.1373 0 255 69
-0.2596 0.1672 -0.1504 0 255 64
-0.2517 0.1831 -0.1632 0 255 58
-0.2432 0.1990 -0.1756 0 255 53
-0.2342 0.2149 -0.1875 0 255 48
-0.2245 0.2308 -0.1990 0 255 43
-0.2143 0.2468 -0.2100 0 255 39
-0.2035 0.2627 -0.2204 0 255 34
-0.1922 0.2786 -0.2303 0 255 30
-0.1805 0.2945 -0.2396 0 255 26
-0.1683 0.3104 -0.2483 0 255 22
-0.1557 0.3263 -0.2564 0 255 19
-0.1427 0.3423 -0.2639 0 255 16
-0.1293 0.3582 -0.2707 0 255 13
-0.1156 0.3741 -0.2768 0 255 10
-0.1016 0.3900 -0.2823 0 255 8
-0.0874 0.4059 -0.2870 0 255 6
-0.0729 0.4218 -0.2910 0 255 4
-0.0583 0.4377 -0.2943 0 255 3
-0.0435 0.4537 -0.2968 0 255 2
-0.0286 0.4696 -0.2986 0 255 1
-0.0137 0.4855 -0.2997 0 255 1
0.0013 0.5014 -0.3000 0 255 1
0.0163 0.5173 -0.2996 0 255 1
0.0313 0.5332 -0.2984 0 255 1
0.0461 0.5492 -0.2964 0 255 2
0.0609 0.5651 -0.2938 0 255 3
0.0755 0.5810 -0.2903 0 255 5
0.0899 0.5969 -0.2862 0 255 6
0.1041 0.6128 -0.2814 0 255 8
0.1180 0.6287 -0.2758 0 255 11
0.1317 0.6446 -0.2696 0 255 13
0.1450 0.6606 -0.2626 0 255 16
0.1579 0.6765 -0.2551 0 255 20
0.1705 0.6924 -0.2468 0 255 23
0.1826 0.7083 -0.2380 0 255 27
0.1943 0.7242 -0.2286 0 255 31
0.2055 0.7401 -0.2186 0 255 35
0.2161 0.7561 -0.2081 0 255 39
0.2263 0.7720 -0.1970 0 255 44
0.2358 0.7879 -0.1854 0 255 49
0.2448 0.8038 -0.1734 0 255 54
0.2532 0.8197 -0.1610 0 255 59
0.2609 0.8356 -0.1481 0 255 65
0.2680 0.8515 -0.1349 0 255 70
0.2744 0.8675 -0.1213 0 255 76
0.2801 0.8834 -0.1075 0 255 82
0.2851 0.8993 -0.0933 0 255 88
0.2894 0.9152 -0.0790 0 255 94
0.2930 0.9311 -0.0644 0 255 100
0.2959 0.9470 -0.0497 0 255 106
0.2980 0.9630 -0.0348 0 255 113
0.2993 0.9789 -0.0199 0 255 119
0.3000 0.9948 -0.0049 0 255 125
0.2998 1.0107 0.0101 0 255 132
0.2990 1.0266 0.0251 0 255 138
0.2973 1.0425 0.0400 0 255 144
0.2950 1.0585 0.0548 0 255 151
0.2918 1.0744 0.0695 0 255 157
0.2880 1.0903 0.0840 0 255 163
0.2835 1.1062 0.0982 0 255 169
0.2782 1.1221 0.1123 0 255 175
0.2722 1.1380 0.1261 0 255 181
0.2656 1.1539 0.1395 0 255 187
0.2583 1.1699 0.1526 0 255 192
0.2503 1.1858 0.1653 0 255 197
0.2418 1.2017 0.1776 0 255 203
0.2326 1.2176 0.1895 0 255 208
0.2228 1.2335 0.2009 0 255 213
0.2125 1.2494 0.2118 0 255 217
0.2017 1.2654 0.2221 0 255 222
0.1903 1.2813 0.2319 0 255 226
0.1785 1.2972 0.2411 0 255 230
0.1662 1.3131 0.2498 0 255 233
0.1535 1.3290 0.2577 0 255 237
0.1404 1.3449 0.2651 0 255 240
0.1270 1.3608 0.2718 0 255 243
0.1133 1.3768 0.2778 0 255 245
0.0992 1.3927 0.2831 0 255 247
0.0850 1.4086 0.2877 0 255 249
0.0705 1.4245 0.2916 0 255 251
0.0558 1.4404 0.2948 0 255 252
0.0410 1.4563 0.2972 0 255 253
0.0261 1.4723 0.2989 0 255 254
0.0111 1.4882 0.2998 0 255 254
-0.0038 1.5041 0.3000 0 255 254
-0.0188 1.5200 0.2994 0 255 254
-0.0338 1.5359 0.2981 0 255 254
-0.0486 1.5518 0.2960 0 255 253
-0.0634 1.5677 0.2932 0 255 252
-0.0779 1.5837 0.2897 0 255 250
-0.0923 1.5996 0.2854 0 255 248
-0.1065 1.6155 0.2805 0 255 246
-0.1204 1.6314 0.2748 0 255 244
-0.1339 1.6473 0.2684 0 255 241
-0.1472 1.6632 0.2614 0 255 238
-0.1601 1.6792 0.2537 0 255 235
-0.1726 1.6951 0.2454 0 255 231
-0.1846 1.7110 0.2365 0 255 228
-0.1962 1.7269 0.2270 0 255 224
-0.2073 1.7428 0.2169 0 255 219
-0.2179 1.7587 0.2062 0 255 215
-0.2279 1.7746 0.1951 0 255 210
-0.2374 1.7906 0.1835 0 255 205
-0.2462 1.8065 0.1714 0 255 200
-0.2545 1.8224 0.1588 0 255 195
-0.2621 1.8383 0.1459 0 255 189
-0.2691 1.8542 0.1326 0 255 184
-0.2754 1.8701 0.1190 0 255 178
-0.2810 1.8861 0.1051 0 255 172
-0.2859 1.9020 0.0909 0 255 166
-0.2901 1.9179 0.0765 0 255 160
-0.2935 1.9338 0.0619 0 255 154
-0.2963 1.9497 0.0472 0 255 147
-0.2983 1.9656 0.0323 0 255 141
-0.2995 1.9815 0.0174 0 255 135
-0.3000 1.9975 0.0024 0 255 129
-0.2997 2.0134 -0.0126 0 255 122
-0.2987 2.0293 -0.0276 0 255 116
-0.2970 2.0452 -0.0425 0 255 110
-0.2945 2.0611 -0.0573 0 255 103
-0.2913 2.0770 -0.0719 0 255 97
-0.2873 2.0930 -0.0864 0 255 91
-0.2826 2.1089 -0.1006 0 255 85
-0.2772 2.1248 -0.1146 0 255 79
-0.2712 2.1407 -0.1283 0 255 73
-0.2644 2.1566 -0.1417 0 255 68
-0.2570 2.1725 -0.1548 0 255 62
-0.2489 2.1885 -0.1674 0 255 57
-0.2403 2.2044 -0.1796 0 255 51
-0.2310 2.2203 -0.1914 0 255 46
-0.2211 2.2362 -0.2027 0 255 42
-0.2107 2.2521 -0.2135 0 255 37
-0.1998 2.2680 -0.2238 0 255 33
-0.1883 2.2839 -0.2335 0 255 29
-0.1764 2.2999 -0.2426 0 255 25
-0.1641 2.3158 -0.2511 0 255 21
-0.1513 2.3317 -0.2590 0 255 18
-0.1382 2.3476 -0.2663 0 255 15
-0.1247 2.3635 -0.2728 0 255 12
-0.1109 2.3794 -0.2787 0 255 10
-0.0969 2.3954 -0.2839 0 255 7
-0.0825 2.4113 -0.2884 0 255 5
-0.0680 2.4272 -0.2922 0 255 4
-0.0533 2.4431 -0.2952 0 255 3
-0.0385 2.4590 -0.2975 0 255 2
-0.0236 2.4749 -0.2991 0 255 1
-0.0086 2.4908 -0.2999 0 255 1
0.0064 2.5068 -0.2999 0 255 1
0.0214 2.5227 -0.2992 0 255 1
0.0363 2.5386 -0.2978 0 255 1
0.0511 2.5545 -0.2956 0 255 2
0.0658 2.5704 -0.2927 0 255 4
0.0804 2.5863 -0.2890 0 255 5
0.0947 2.6023 -0.2847 0 255 7
0.1088 2.6182 -0.2796 0 255 9
0.1227 2.6341 -0.2738 0 255 12
0.1362 2.6500 -0.2673 0 255 14
0.1494 2.6659 -0.2602 0 255 17
0.1622 2.6818 -0.2524 0 255 21
0.1746 2.6977 -0.2439 0 255 24
0.1866 2.7137 -0.2349 0 255 28
0.1981 2.7296 -0.2253 0 255 32
0.2091 2.7455 -0.2151 0 255 36
0.2196 2.7614 -0.2044 0 255 41
0.2295 2.7773 -0.1932 0 255 46
0.2389 2.7932 -0.1814 0 255 51
0.2477 2.8092 -0.1693 0 255 56
0.2558 2.8251 -0.1567 0 255 61
0.2633 2.8410 -0.1437 0 255 67
0.2702 2.8569 -0.1304 0 255 72
0.2764 2.8728 -0.1167 0 255 78
0.2819 2.8887 -0.1027 0 255 84
0.2866 2.9046 -0.0885 0 255 90
0.2907 2.9206 -0.0741 0 255 96
0.2940 2.9365 -0.0595 0 255 102
0.2967 2.9524 -0.0447 0 255 109
0.2985 2.9683 -0.0298 0 255 115
0.2996 2.9842 -0.0149 0 255 121
0.3000 3.0001 0.0001 0 255 128
0.2996 3.0161 0.0151 0 255 134
0.2985 3.0320 0.0301 0 255 140
0.2966 3.0479 0.0450 0 255 147
0.2940 3.0638 0.0597 0 255 153
0.2906 3.0797 0.0744 0 255 159
0.2866 3.0956 0.0888 0 255 165
0.2818 3.1115 0.1030 0 255 171
0.2763 3.1275 0.1169 0 255 177
0.2701 3.1434 0.1306 0 255 183
0.2632 3.1593 0.1439 0 255 188
0.2557 3.1752 0.1569 0 255 194
0.2475 3.1911 0.1695 0 255 199
0.2387 3.2070 0.1817 0 255 204
0.2294 3.2230 0.1934 0 255 209
0.2194 3.2389 0.2046 0 255 214
0.2089 3.2548 0.2153 0 255 219
0.1979 3.2707 0.2255 0 255 223
0.1864 3.2866 0.2351 0 255 227
0.1744 3.3025 0.2441 0 255 231
0.1620 3.3185 0.2525 0 255 234
0.1492 3.3344 0.2603 0 255 238
0.1360 3.3503 0.2674 0 255 241
0.1224 3.3662 0.2739 0 255 243
0.1086 3.3821 0.2797 0 255 246
0.0945 3.3980 0.2847 0 255 248
0.0801 3.4139 0.2891 0 255 250
0.0656 3.4299 0.2927 0 255 251
0.0509 3.4458 0.2957 0 255 253
0.0360 3.4617 0.2978 0 255 254
0.0211 3.4776 0.2993 0 255 254
0.0061 3.4935 0.2999 0 255 254
-0.0089 3.5094 0.2999 0 255 254
-0.0239 3.5254 0.2990 0 255 254
-0.0388 3.5413 0.2975 0 255 253
-0.0536 3.5572 0.2952 0 255 252
-0.0683 3.5731 0.2921 0 255 251
-0.0828 3.5890 0.2883 0 255 250
-0.0971 3.6049 0.2838 0 255 248
-0.1112 3.6208 0.2786 0 255 245
-0.1250 3.6368 0.2727 0 255 243
-0.1384 3.6527 0.2661 0 255 240
-0.1516 3.6686 0.2589 0 255 237
-0.1643 3.6845 0.2510 0 255 234
-0.1767 3.7004 0.2425 0 255 230
-0.1886 3.7163 0.2333 0 255 226
-0.2000 3.7323 0.2236 0 255 222
-0.2109 3.7482 0.2133 0 255 218
-0.2213 3.7641 0.2025 0 255 213
-0.2312 3.7800 0.1912 0 255 208
-0.2404 3.7959 0.1794 0 255 203
-0.2491 3.8118 0.1672 0 255 198
-0.2571 3.8277 0.1545 0 255 193
-0.2645 3.8437 0.1415 0 255 187
-0.2713 3.8596 0.1281 0 255 182
-0.2773 3.8755 0.1144 0 255 176
-0.2827 3.8914 0.1004 0 255 170
-0.2874 3.9073 0.0861 0 255 164
-0.2913 3.9232 0.0716 0 255 158
-0.2945 3.9392 0.0570 0 255 152
-0.2970 3.9551 0.0422 0 255 145
-0.2988 3.9710 0.0273 0 255 139
-0.2997 3.9869 0.0123 0 255 133
-0.3000 4.0028 -0.0027 0 255 126
-0.2995 4.0187 -0.0176 0 255 120
-0.2982 4.0346 -0.0326 0 255 114
-0.2962 4.0506 -0.0475 0 255 107
-0.2935 4.0665 -0.0622 0 255 101
-0.2900 4.0824 -0.0768 0 255 95
-0.2858 4.0983 -0.0912 0 255 89
-0.2809 4.1142 -0.1054 0 255 83
-0.2753 4.1301 -0.1193 0 255 77
-0.2690 4.1461 -0.1329 0 255 71
-0.2620 4.1620 -0.1462 0 255 66
-0.2544 4.1779 -0.1591 0 255 60
-0.2461 4.1938 -0.1716 0 255 55
-0.2372 4.2097 -0.1837 0 255 50
-0.2277 4.2256 -0.1953 0 255 45
-0.2177 4.2415 -0.2064 0 255 40
-0.2071 4.2575 -0.2170 0 255 36
-0.1960 4.2734 -0.2271 0 255 31
-0.1844 4.2893 -0.2366 0 255 27
-0.1723 4.3052 -0.2456 0 255 24
-0.1598 4.3211 -0.2539 0 255 20
-0.1470 4.3370 -0.2615 0 255 17
-0.1337 4.3530 -0.2686 0 255 14
-0.1201 4.3689 -0.2749 0 255 11
-0.1062 4.3848 -0.2806 0 255 9
-0.0921 4.4007 -0.2855 0 255 7
-0.0777 4.4166 -0.2898 0 255 5
-0.0631 4.4325 -0.2933 0 255 3
-0.0484 4.4485 -0.2961 0 255 2
-0.0335 4.4644 -0.2981 0 255 1
-0.0186 4.4803 -0.2994 0 255 1
-0.0036 4.4962 -0.3000 0 255 1
0.0114 4.5121 -0.2998 0 255 1
0.0264 4.5280 -0.2988 0 255 1
0.0413 4.5439 -0.2971 0 255 2
0.0561 4.5599 -0.2947 0 255 3
0.0707 4.5758 -0.2915 0 255 4
0.0852 4.5917 -0.2876 0 255 6
0.0995 4.6076 -0.2830 0 255 8
0.1135 4.6235 -0.2777 0 255 10
0.1273 4.6394 -0.2717 0 255 12
0.1407 4.6554 -0.2650 0 255 15
0.1537 4.6713 -0.2576 0 255 18
0.1664 4.6872 -0.2496 0 255 22
0.1787 4.7031 -0.2410 0 255 25
0.1905 4.7190 -0.2317 0 255 29
0.2019 4.7349 -0.2219 0 255 34
0.2127 4.7508 -0.2116 0 255 38
0.2230 4.7668 -0.2007 0 255 43
0.2328 4.7827 -0.1893 0 255 47
0.2419 4.7986 -0.1774 0 255 52
0.2505 4.8145 -0.1651 0 255 58
0.2584 4.8304 -0.1524 0 255 63
0.2657 4.8463 -0.1393 0 255 69
0.2723 4.8623 -0.1258 0 255 74
0.2783 4.8782 -0.1120 0 255 80
0.2835 4.8941 -0.0980 0 255 86
0.2881 4.9100 -0.0837 0 255 92
0.2919 4.9259 -0.0692 0 255 98
0.2950 4.9418 -0.0545 0 255 104
0.2974 4.9577 -0.0397 0 255 111
0.2990 4.9737 -0.0248 0 255 117
0.2998 4.9896 -0.0098 0 255 123
